"RUT","Nemotecnico","Nombre","Tipo.de.Activo","Tipo de Activo"
NA,"CFISECOA-E","FONDO DE INVERSION SECURITY OAKTREE OPPORTUNITIES-DEBT","Tipo de Activo",NA
"9251","CFMCCDCIGI","FONDO DE INVERSIÓN CREDICORP CAPITAL DEUDA CORPORATIVA INVESTMENT GRADE","Sin clasificación",NA
"9251","CFMCCDCIGD","FONDO DE INVERSIÓN CREDICORP CAPITAL DEUDA CORPORATIVA INVESTMENT GRADE","Sin clasificación",NA
"9251","CFMCCDCIGB","FONDO DE INVERSIÓN CREDICORP CAPITAL DEUDA CORPORATIVA INVESTMENT GRADE","Sin clasificación",NA
"9251","CFMCCDCIAC","FONDO DE INVERSIÓN CREDICORP CAPITAL DEUDA CORPORATIVA INVESTMENT GRADE","Sin clasificación",NA
"9251","CFMCCDCIIM","FONDO DE INVERSIÓN CREDICORP CAPITAL DEUDA CORPORATIVA INVESTMENT GRADE","Sin clasificación",NA
"9251","CFMCCDCICC","FONDO DE INVERSIÓN CREDICORP CAPITAL DEUDA CORPORATIVA INVESTMENT GRADE","Sin clasificación",NA
"10058","CFMBCHAGDI","FONDO MUTUO BANCHILE AGRESIVO","Sin clasificación",NA
"10058","CFMBCHAGBC","FONDO MUTUO BANCHILE AGRESIVO","Sin clasificación",NA
"8517","CFMBCHAACC","FONDO MUTUO BANCHILE ASIATICO EMERGENTE","Renta Variable",NA
"8517","CFMBCHASAC","FONDO MUTUO BANCHILE ASIATICO EMERGENTE","Renta Variable",NA
"8517","CFMBCHASAV","FONDO MUTUO BANCHILE ASIATICO EMERGENTE","Renta Variable",NA
"8517","CFMBCHAIOB","FONDO MUTUO BANCHILE ASIATICO EMERGENTE","Renta Variable",NA
"8517","CFMBCHAABP","FONDO MUTUO BANCHILE ASIATICO EMERGENTE","Renta Variable",NA
"8517","CFMBCHABCH","FONDO MUTUO BANCHILE ASIATICO EMERGENTE","Renta Variable",NA
"10173","CFMBCBREBP","FONDO MUTUO BANCHILE BLACKROCK ESG",NA,NA
"9022","CFMBCHCAPP","FONDO MUTUO BANCHILE CAPITAL EMPRESARIAL","Money Market",NA
"9022","CFMBCHCAPE","FONDO MUTUO BANCHILE CAPITAL EMPRESARIAL","Money Market",NA
"8026","CFMBCHCFIP","FONDO MUTUO BANCHILE CAPITAL FINANCIERO","Money Market",NA
"8026","CFMBCHCFCH","FONDO MUTUO BANCHILE CAPITAL FINANCIERO","Money Market",NA
"8026","CFMBCHCFIN","FONDO MUTUO BANCHILE CAPITAL FINANCIERO","Money Market",NA
"8026","CFMBCHCFIT","FONDO MUTUO BANCHILE CAPITAL FINANCIERO","Money Market",NA
"8026","CFMBCHCROB","FONDO MUTUO BANCHILE CAPITAL FINANCIERO","Money Market",NA
"8026","CFMBCHCFBL","FONDO MUTUO BANCHILE CAPITAL FINANCIERO","Money Market",NA
"10059","CFMBCHCODI","FONDO MUTUO BANCHILE CONSERVADOR","Sin clasificación",NA
"10059","CFMBCHCOBC","FONDO MUTUO BANCHILE CONSERVADOR","Sin clasificación",NA
"8248","CFMBCHCDFU","FONDO MUTUO BANCHILE CORPORATE DOLLAR","Money Market",NA
"8248","CFMBCHCDBH","FONDO MUTUO BANCHILE CORPORATE DOLLAR","Money Market",NA
"8248","CFMBCHCDBL","FONDO MUTUO BANCHILE CORPORATE DOLLAR","Money Market",NA
"8248","CFMBCHCDIT","FONDO MUTUO BANCHILE CORPORATE DOLLAR","Money Market",NA
"8957","CFMBCHDEUD","FONDO MUTUO BANCHILE DEUDA DÓLAR","Renta Fija",NA
"8957","CFMBCHDEBC","FONDO MUTUO BANCHILE DEUDA DÓLAR","Renta Fija",NA
"8249","CFMBCHDING","FONDO MUTUO BANCHILE DEUDA GLOBAL","Renta Fija",NA
"8249","CFMBCHLCIP","FONDO MUTUO BANCHILE DEUDA GLOBAL","Renta Fija",NA
"8249","CFMBCHLCA1","FONDO MUTUO BANCHILE DEUDA GLOBAL","Renta Fija",NA
"8249","CFMBCHLCIH","FONDO MUTUO BANCHILE DEUDA GLOBAL","Renta Fija",NA
"8934","CFMBCHDEBH","FONDO MUTUO BANCHILE DEUDA SOBERANA","Renta Fija",NA
"8934","CFMBCHDADC","FONDO MUTUO BANCHILE DEUDA SOBERANA","Renta Fija",NA
"8934","CFMBCHDESA","FONDO MUTUO BANCHILE DEUDA SOBERANA","Renta Fija",NA
"8934","CFMBCHDESD","FONDO MUTUO BANCHILE DEUDA SOBERANA","Renta Fija",NA
"8934","CFMBCHDEBP","FONDO MUTUO BANCHILE DEUDA SOBERANA","Renta Fija",NA
"8934","CFMBCHEUFB","FONDO MUTUO BANCHILE DEUDA SOBERANA","Renta Fija",NA
"8052","CFMBCHDLEB","FONDO MUTUO BANCHILE DISPONIBLE","Money Market",NA
"8052","CFMBCHDIPL","FONDO MUTUO BANCHILE DISPONIBLE","Money Market",NA
"8052","CFMBCHDIAD","FONDO MUTUO BANCHILE DISPONIBLE","Money Market",NA
"8054","CFMBCHEMFU","FONDO MUTUO BANCHILE EMERGING","Renta Variable",NA
"8054","CFMBCHEMFC","FONDO MUTUO BANCHILE EMERGING","Renta Variable",NA
"8054","CFMBCHEMDB","FONDO MUTUO BANCHILE EMERGING","Renta Variable",NA
"8054","CFMBCHEMBP","FONDO MUTUO BANCHILE EMERGING","Renta Variable",NA
"8054","CFMBCHEMBH","FONDO MUTUO BANCHILE EMERGING","Renta Variable",NA
"8299","CFMBCHEMKA","FONDO MUTUO BANCHILE EMERGING DOLLAR","Renta Variable",NA
"8299","CFMBCHEMMC","FONDO MUTUO BANCHILE EMERGING DOLLAR","Renta Variable",NA
"8299","CFMBCHEMBC","FONDO MUTUO BANCHILE EMERGING DOLLAR","Renta Variable",NA
"8125","CFMBCHESBP","FONDO MUTUO BANCHILE ESTRATEGICO","Renta Fija",NA
"8125","CFMBCHESTD","FONDO MUTUO BANCHILE ESTRATEGICO","Renta Fija",NA
"8125","CFMBCHESTR","FONDO MUTUO BANCHILE ESTRATEGICO","Renta Fija",NA
"8125","CFMBCHESTB","FONDO MUTUO BANCHILE ESTRATEGICO","Renta Fija",NA
"8125","CFMBCHEPVD","FONDO MUTUO BANCHILE ESTRATEGICO","Renta Fija",NA
"8129","CFMBCHEUDA","FONDO MUTUO BANCHILE EUROPA DESARROLLADA","Renta Variable",NA
"8129","CFMBCHEUDC","FONDO MUTUO BANCHILE EUROPA DESARROLLADA","Renta Variable",NA
"8129","CFMBCHEUDB","FONDO MUTUO BANCHILE EUROPA DESARROLLADA","Renta Variable",NA
"8129","CFMBCHEDBP","FONDO MUTUO BANCHILE EUROPA DESARROLLADA","Renta Variable",NA
"8129","CFMBCHEUBH","FONDO MUTUO BANCHILE EUROPA DESARROLLADA","Renta Variable",NA
"8088","CFMBCHGMCA","FONDO MUTUO BANCHILE GLOBAL ACCIONARIO","Renta Variable",NA
"8088","CFMBCHGMCC","FONDO MUTUO BANCHILE GLOBAL ACCIONARIO","Renta Variable",NA
"8088","CFMBCHGNDB","FONDO MUTUO BANCHILE GLOBAL ACCIONARIO","Renta Variable",NA
"8088","CFMBCHGMPL","FONDO MUTUO BANCHILE GLOBAL ACCIONARIO","Renta Variable",NA
"8301","CFMBCHGDBH","FONDO MUTUO BANCHILE GLOBAL DOLLAR","Renta Variable",NA
"8301","CFMBCHGDFU","FONDO MUTUO BANCHILE GLOBAL DOLLAR","Renta Variable",NA
"8301","CFMBCHGLDC","FONDO MUTUO BANCHILE GLOBAL DOLLAR","Renta Variable",NA
"8023","CFMBCHHOBH","FONDO MUTUO BANCHILE HORIZONTE","Renta Fija",NA
"8023","CFMBCHHORI","FONDO MUTUO BANCHILE HORIZONTE","Renta Fija",NA
"8023","CFMBCHHORD","FONDO MUTUO BANCHILE HORIZONTE","Renta Fija",NA
"8023","CFMBCHHOIT","FONDO MUTUO BANCHILE HORIZONTE","Renta Fija",NA
"8023","CFMBCHHORV","FONDO MUTUO BANCHILE HORIZONTE","Renta Fija",NA
"8023","CFMBCHHTEB","FONDO MUTUO BANCHILE HORIZONTE","Renta Fija",NA
"8023","CFMBCHHOBP","FONDO MUTUO BANCHILE HORIZONTE","Renta Fija",NA
"8078","CFMBCHIUSA","FONDO MUTUO BANCHILE INVERSIÓN USA","Renta Variable",NA
"8078","CFMBCHIUSC","FONDO MUTUO BANCHILE INVERSIÓN USA","Renta Variable",NA
"8078","CFMBCHUNDB","FONDO MUTUO BANCHILE INVERSIÓN USA","Renta Variable",NA
"8078","CFMBCHIUBP","FONDO MUTUO BANCHILE INVERSIÓN USA","Renta Variable",NA
"8078","CFMBCHIUBH","FONDO MUTUO BANCHILE INVERSIÓN USA","Renta Variable",NA
"8811","CFMBCHLTMC","FONDO MUTUO BANCHILE LATAM ACCIONARIO","Renta Variable",NA
"8811","CFMBCHLMCC","FONDO MUTUO BANCHILE LATAM ACCIONARIO","Renta Variable",NA
"8811","CFMBCHLMCB","FONDO MUTUO BANCHILE LATAM ACCIONARIO","Renta Variable",NA
"8811","CFMBCHLABP","FONDO MUTUO BANCHILE LATAM ACCIONARIO","Renta Variable",NA
"8811","CFMBCHLTBH","FONDO MUTUO BANCHILE LATAM ACCIONARIO","Renta Variable",NA
"10060","CFMBCHMODI","FONDO MUTUO BANCHILE MODERADO","Sin clasificación",NA
"10060","CFMBCHMOBC","FONDO MUTUO BANCHILE MODERADO","Sin clasificación",NA
"10151","CFMBCHPADA","FONDO MUTUO BANCHILE PORTAFOLIO ACTIVO DOLAR AGRESIVO","Sin clasificación",NA
"10152","CFMBCHPDOC","FONDO MUTUO BANCHILE PORTAFOLIO ACTIVO DOLAR CONSERVADOR","Sin clasificación",NA
"10111","CFMBCHPADM","FONDO MUTUO BANCHILE PORTAFOLIO ACTIVO DOLAR MODERADO","Sin clasificación",NA
"8448","CFMBCHVDIA","FONDO MUTUO BANCHILE PORTAFOLIO AGRESIVO LARGO PLAZO","Balanceados",NA
"8448","CFMBCHVAAB","FONDO MUTUO BANCHILE PORTAFOLIO AGRESIVO LARGO PLAZO","Balanceados",NA
"8448","CFMBCHPBLP","FONDO MUTUO BANCHILE PORTAFOLIO AGRESIVO LARGO PLAZO","Balanceados",NA
"8377","CFMBCHACCA","FONDO MUTUO BANCHILE PORTAFOLIO CONSERVADOR LARGO PLAZO","Balanceados",NA
"8377","CFMBCHPACB","FONDO MUTUO BANCHILE PORTAFOLIO CONSERVADOR LARGO PLAZO","Balanceados",NA
"8377","CFMBCHPCBP","FONDO MUTUO BANCHILE PORTAFOLIO CONSERVADOR LARGO PLAZO","Balanceados",NA
"8377","CFMBCHACBC","FONDO MUTUO BANCHILE PORTAFOLIO CONSERVADOR LARGO PLAZO","Balanceados",NA
"9043","CFMBCHIN10","FONDO MUTUO BANCHILE PORTAFOLIO MODERADO LARGO PLAZO","Balanceados",NA
"9043","CFMDOB","FONDO MUTUO BANCHILE PORTAFOLIO MODERADO LARGO PLAZO","Balanceados",NA
"9043","CFMBCHEBPL","FONDO MUTUO BANCHILE PORTAFOLIO MODERADO LARGO PLAZO","Balanceados",NA
"8274","CFMBCHCRBH","FONDO MUTUO BANCHILE RENTA CORTO PLAZO","Renta Fija",NA
"8274","CFMBCHCREC","FONDO MUTUO BANCHILE RENTA CORTO PLAZO","Renta Fija",NA
"8274","CFMBCHRMDI","FONDO MUTUO BANCHILE RENTA CORTO PLAZO","Renta Fija",NA
"8274","CFMBCHCRP1","FONDO MUTUO BANCHILE RENTA CORTO PLAZO","Renta Fija",NA
"8274","CFMBCHCREE","FONDO MUTUO BANCHILE RENTA CORTO PLAZO","Renta Fija",NA
"8274","CFMBCHCTOB","FONDO MUTUO BANCHILE RENTA CORTO PLAZO","Renta Fija",NA
"8274","CFMBCHCBPL","FONDO MUTUO BANCHILE RENTA CORTO PLAZO","Renta Fija",NA
"9489","CFMBCHCBCH","FONDO MUTUO BANCHILE RENTA VARIABLE NACIONAL","Renta Variable",NA
"9489","CFMBCHCBCA","FONDO MUTUO BANCHILE RENTA VARIABLE NACIONAL","Renta Variable",NA
"9489","CFMBCHCBCB","FONDO MUTUO BANCHILE RENTA VARIABLE NACIONAL","Renta Variable",NA
"8380","CFMBCHINCI","FONDO MUTUO BANCHILE SELECCIÓN ACCIONES CHILENAS","Renta Variable",NA
"8380","CFMBCHINAD","FONDO MUTUO BANCHILE SELECCIÓN ACCIONES CHILENAS","Renta Variable",NA
"8380","CFMBCHINP1","FONDO MUTUO BANCHILE SELECCIÓN ACCIONES CHILENAS","Renta Variable",NA
"8380","CFMBCHINP2","FONDO MUTUO BANCHILE SELECCIÓN ACCIONES CHILENAS","Renta Variable",NA
"8380","CFMBCHINBH","FONDO MUTUO BANCHILE SELECCIÓN ACCIONES CHILENAS","Renta Variable",NA
"8380","CFMBCHIAIB","FONDO MUTUO BANCHILE SELECCIÓN ACCIONES CHILENAS","Renta Variable",NA
"8300","CFMBCHUSDF","FONDO MUTUO BANCHILE U.S DOLLAR","Renta Variable",NA
"8300","CFMBCHUSDC","FONDO MUTUO BANCHILE U.S DOLLAR","Renta Variable",NA
"8300","CFMBCHUSBH","FONDO MUTUO BANCHILE U.S DOLLAR","Renta Variable",NA
"8127","CFMBCHUTBH","FONDO MUTUO BANCHILE UTILIDADES","Renta Fija",NA
"8127","CFMBCHUTGL","FONDO MUTUO BANCHILE UTILIDADES","Renta Fija",NA
"8127","CFMBCHUTP1","FONDO MUTUO BANCHILE UTILIDADES","Renta Fija",NA
"8127","CFMBCHUTGE","FONDO MUTUO BANCHILE UTILIDADES","Renta Fija",NA
"8127","CFMBCHUESB","FONDO MUTUO BANCHILE UTILIDADES","Renta Fija",NA
"8127","CFMBCHUTBP","FONDO MUTUO BANCHILE UTILIDADES","Renta Fija",NA
"8536","CFMESTAESC","FONDO MUTUO BANCOESTADO ACCIONES NACIONALES","Renta Variable",NA
"8536","CFMESTAESR","FONDO MUTUO BANCOESTADO ACCIONES NACIONALES","Renta Variable",NA
"8536","CFMESTAESI","FONDO MUTUO BANCOESTADO ACCIONES NACIONALES","Renta Variable",NA
"8536","CFMESTAESP","FONDO MUTUO BANCOESTADO ACCIONES NACIONALES","Renta Variable",NA
"8536","CFMESTAESV","FONDO MUTUO BANCOESTADO ACCIONES NACIONALES","Renta Variable",NA
"9291","CFMESTACPA","FONDO MUTUO BANCOESTADO AHORRO CORTO PLAZO","Renta Fija",NA
"9291","CFMESTACPI","FONDO MUTUO BANCOESTADO AHORRO CORTO PLAZO","Renta Fija",NA
"9291","CFMESTACPV","FONDO MUTUO BANCOESTADO AHORRO CORTO PLAZO","Renta Fija",NA
"8744","CFMESTBESP","FONDO MUTUO BANCOESTADO BNP PARIBAS ACCIONES DESARROLLADAS","Renta Variable",NA
"8744","CFMESTBESR","FONDO MUTUO BANCOESTADO BNP PARIBAS ACCIONES DESARROLLADAS","Renta Variable",NA
"8744","CFMESTBESC","FONDO MUTUO BANCOESTADO BNP PARIBAS ACCIONES DESARROLLADAS","Renta Variable",NA
"8744","CFMESTBESV","FONDO MUTUO BANCOESTADO BNP PARIBAS ACCIONES DESARROLLADAS","Renta Variable",NA
"8807","CFMESTMRBA","FONDO MUTUO BANCOESTADO BNP PARIBAS MAS RENTA BICENTENARIO","Renta Fija",NA
"8807","CFMESTMRBB","FONDO MUTUO BANCOESTADO BNP PARIBAS MAS RENTA BICENTENARIO","Renta Fija",NA
"8807","CFMESTMRBC","FONDO MUTUO BANCOESTADO BNP PARIBAS MAS RENTA BICENTENARIO","Renta Fija",NA
"8807","CFMESTMRBF","FONDO MUTUO BANCOESTADO BNP PARIBAS MAS RENTA BICENTENARIO","Renta Fija",NA
"8807","CFMESTPRBI","FONDO MUTUO BANCOESTADO BNP PARIBAS MAS RENTA BICENTENARIO","Renta Fija",NA
"8753","CFMESTBTEP","FONDO MUTUO BANCOESTADO BNP PARIBAS MERCADOS EMERGENTES","Renta Fija",NA
"8753","CFMESTBTEC","FONDO MUTUO BANCOESTADO BNP PARIBAS MERCADOS EMERGENTES","Renta Fija",NA
"8753","CFMESTBTER","FONDO MUTUO BANCOESTADO BNP PARIBAS MERCADOS EMERGENTES","Renta Fija",NA
"8753","CFMESTBTEV","FONDO MUTUO BANCOESTADO BNP PARIBAS MERCADOS EMERGENTES","Renta Fija",NA
"9104","CFMESTDDII","FONDO MUTUO BANCOESTADO DOLAR DISPONIBLE","Money Market",NA
"9104","CFMESTDDIA","FONDO MUTUO BANCOESTADO DOLAR DISPONIBLE","Money Market",NA
"9104","CFMESTDDIC","FONDO MUTUO BANCOESTADO DOLAR DISPONIBLE","Money Market",NA
"9104","CFMESTDDIB","FONDO MUTUO BANCOESTADO DOLAR DISPONIBLE","Money Market",NA
"8844","CFMESTPAAP","FONDO MUTUO BANCOESTADO PERFIL  A","Balanceados",NA
"8844","CFMESTPAAR","FONDO MUTUO BANCOESTADO PERFIL  A","Balanceados",NA
"8844","CFMESTPAAC","FONDO MUTUO BANCOESTADO PERFIL  A","Balanceados",NA
"8844","CFMESTPAAV","FONDO MUTUO BANCOESTADO PERFIL  A","Balanceados",NA
"8846","CFMESTPMEP","FONDO MUTUO BANCOESTADO PERFIL  E","Balanceados",NA
"8846","CFMESTPMER","FONDO MUTUO BANCOESTADO PERFIL  E","Balanceados",NA
"8846","CFMESTPMEC","FONDO MUTUO BANCOESTADO PERFIL  E","Balanceados",NA
"8846","CFMESTPMEV","FONDO MUTUO BANCOESTADO PERFIL  E","Balanceados",NA
"8845","CFMESTPMCP","FONDO MUTUO BANCOESTADO PERFIL C","Balanceados",NA
"8845","CFMESTPMCR","FONDO MUTUO BANCOESTADO PERFIL C","Balanceados",NA
"8845","CFMESTPMCC","FONDO MUTUO BANCOESTADO PERFIL C","Balanceados",NA
"8845","CFMESTPMCV","FONDO MUTUO BANCOESTADO PERFIL C","Balanceados",NA
"9074","CFMESTRTFA","FONDO MUTUO BANCOESTADO RENTA FUTURA","Renta Fija",NA
"9074","CFMESTRTFB","FONDO MUTUO BANCOESTADO RENTA FUTURA","Renta Fija",NA
"9074","CFMESTRTFC","FONDO MUTUO BANCOESTADO RENTA FUTURA","Renta Fija",NA
"9074","CFMESTRTFI","FONDO MUTUO BANCOESTADO RENTA FUTURA","Renta Fija",NA
"8064","CFMBCIPECL","FONDO MUTUO BCI  ESTRATEGIA UF HASTA 3 AÑOS","Renta Fija",NA
"8064","CFMBCIDPSB","FONDO MUTUO BCI  ESTRATEGIA UF HASTA 3 AÑOS","Renta Fija",NA
"8064","CFMBCIPEAV","FONDO MUTUO BCI  ESTRATEGIA UF HASTA 3 AÑOS","Renta Fija",NA
"8064","CFMBCIPESA","FONDO MUTUO BCI  ESTRATEGIA UF HASTA 3 AÑOS","Renta Fija",NA
"8064","CFMBCIDPSF","FONDO MUTUO BCI  ESTRATEGIA UF HASTA 3 AÑOS","Renta Fija",NA
"8430","CFMBCISBLC","FONDO MUTUO BCI ACCIONES CHILENAS","Renta Variable",NA
"8430","CFMBCISBBC","FONDO MUTUO BCI ACCIONES CHILENAS","Renta Variable",NA
"8430","CFMBCISBLP","FONDO MUTUO BCI ACCIONES CHILENAS","Renta Variable",NA
"8430","CFMBCISBLB","FONDO MUTUO BCI ACCIONES CHILENAS","Renta Variable",NA
"8430","CFMBCISBGA","FONDO MUTUO BCI ACCIONES CHILENAS","Renta Variable",NA
"8430","CFMBCISBLF","FONDO MUTUO BCI ACCIONES CHILENAS","Renta Variable",NA
"8731","CFMBCIMOAP","FONDO MUTUO BCI CARTERA CORTO PLAZO","Money Market",NA
"8640","CFMBCIG80C","FONDO MUTUO BCI CARTERA DINAMICA ACTIVA","Balanceados",NA
"8640","CFMBCIG80B","FONDO MUTUO BCI CARTERA DINAMICA ACTIVA","Balanceados",NA
"8640","CFMBCIG80A","FONDO MUTUO BCI CARTERA DINAMICA ACTIVA","Balanceados",NA
"8640","CFMBCIG80F","FONDO MUTUO BCI CARTERA DINAMICA ACTIVA","Balanceados",NA
"9511","CFMBCIDCH1","FONDO MUTUO BCI CARTERA DINAMICA CHILE","Balanceados",NA
"9511","CFMBCIDCH3","FONDO MUTUO BCI CARTERA DINAMICA CHILE","Balanceados",NA
"9511","CFMBCIDCH4","FONDO MUTUO BCI CARTERA DINAMICA CHILE","Balanceados",NA
"8639","CFMBCIG50C","FONDO MUTUO BCI CARTERA DINÁMICA BALANCEADA","Balanceados",NA
"8639","CFMBCIG50B","FONDO MUTUO BCI CARTERA DINÁMICA BALANCEADA","Balanceados",NA
"8639","CFMBCIG50A","FONDO MUTUO BCI CARTERA DINÁMICA BALANCEADA","Balanceados",NA
"8639","CFMBCIG50F","FONDO MUTUO BCI CARTERA DINÁMICA BALANCEADA","Balanceados",NA
"8638","CFMBCIG20C","FONDO MUTUO BCI CARTERA DINÁMICA CONSERVADORA","Balanceados",NA
"8638","CFMBCIG20B","FONDO MUTUO BCI CARTERA DINÁMICA CONSERVADORA","Balanceados",NA
"8638","CFMBCIG20A","FONDO MUTUO BCI CARTERA DINÁMICA CONSERVADORA","Balanceados",NA
"8638","CFMBCIG20F","FONDO MUTUO BCI CARTERA DINÁMICA CONSERVADORA","Balanceados",NA
"9060","CFMBCIPAIN","FONDO MUTUO BCI CARTERA PATRIMONIAL ACTIVA","Balanceados",NA
"9060","CFMBCIPAPV","FONDO MUTUO BCI CARTERA PATRIMONIAL ACTIVA","Balanceados",NA
"9061","CFMBCIPAIV","FONDO MUTUO BCI CARTERA PATRIMONIAL AHORRO","Renta Fija",NA
"9061","CFMBCIPAHV","FONDO MUTUO BCI CARTERA PATRIMONIAL AHORRO","Renta Fija",NA
"9062","CFMBCIPBIN","FONDO MUTUO BCI CARTERA PATRIMONIAL BALANCEADA","Balanceados",NA
"9062","CFMBCIPBPV","FONDO MUTUO BCI CARTERA PATRIMONIAL BALANCEADA","Balanceados",NA
"9063","CFMBCICNIV","FONDO MUTUO BCI CARTERA PATRIMONIAL CONSERVADORA","Balanceados",NA
"9063","CFMBCICNPV","FONDO MUTUO BCI CARTERA PATRIMONIAL CONSERVADORA","Balanceados",NA
"8107","CFMBCICOMA","FONDO MUTUO BCI COMPETITIVO","Money Market",NA
"8107","CFMBCICPAP","FONDO MUTUO BCI COMPETITIVO","Money Market",NA
"8107","CFMBCICOME","FONDO MUTUO BCI COMPETITIVO","Money Market",NA
"8107","CFMBCICOMI","FONDO MUTUO BCI COMPETITIVO","Money Market",NA
"8107","CFMBCICOMG","FONDO MUTUO BCI COMPETITIVO","Money Market",NA
"8037","CFMBCIEFCL","FONDO MUTUO BCI DEPOSITO EFECTIVO","Money Market",NA
"8037","CFMBCIEFEA","FONDO MUTUO BCI DEPOSITO EFECTIVO","Money Market",NA
"8037","CFMBCIEFEI","FONDO MUTUO BCI DEPOSITO EFECTIVO","Money Market",NA
"8037","CFMBCIEFEG","FONDO MUTUO BCI DEPOSITO EFECTIVO","Money Market",NA
"8967","CFMBCILCBC","FONDO MUTUO BCI DEUDA LATAM HY","Renta Fija",NA
"8967","CFMBCICDSC","FONDO MUTUO BCI DEUDA LATAM HY","Renta Fija",NA
"8967","CFMBCILCBP","FONDO MUTUO BCI DEUDA LATAM HY","Renta Fija",NA
"8967","CFMBCICDST","FONDO MUTUO BCI DEUDA LATAM HY","Renta Fija",NA
"8967","CFMBCILCAP","FONDO MUTUO BCI DEUDA LATAM HY","Renta Fija",NA
"8967","CFMBCIDLHA","FONDO MUTUO BCI DEUDA LATAM HY","Renta Fija",NA
"9231","CFMBCINDCL","FONDO MUTUO BCI DEuda latam ig","Renta Fija",NA
"9231","CFMBCINDBC","FONDO MUTUO BCI DEuda latam ig","Renta Fija",NA
"9231","CFMBCINDBP","FONDO MUTUO BCI DEuda latam ig","Renta Fija",NA
"9231","CFMBCINDAP","FONDO MUTUO BCI DEuda latam ig","Renta Fija",NA
"9231","CFMBCINDSA","FONDO MUTUO BCI DEuda latam ig","Renta Fija",NA
"8257","CFMBCIDCCL","FONDO MUTUO BCI DOLAR CASH","Money Market",NA
"8257","CFMBCIDCAP","FONDO MUTUO BCI DOLAR CASH","Money Market",NA
"8257","CFMBCIDSHG","FONDO MUTUO BCI DOLAR CASH","Money Market",NA
"8327","CFMBCINGCS","FONDO MUTUO BCI ESTRATEGIA PESOS HASTA 1 AÑO","Renta Fija",NA
"8327","CFMBCINGB1","FONDO MUTUO BCI ESTRATEGIA PESOS HASTA 1 AÑO","Renta Fija",NA
"8327","CFMBCIBOSF","FONDO MUTUO BCI ESTRATEGIA PESOS HASTA 1 AÑO","Renta Fija",NA
"8327","CFMBCIBOSV","FONDO MUTUO BCI ESTRATEGIA PESOS HASTA 1 AÑO","Renta Fija",NA
"8174","CFMBCIDALC","FONDO MUTUO BCI ESTRATEGIA PESOS MAYOR A 1 AÑO","Renta Fija",NA
"8174","CFMBCIDALF","FONDO MUTUO BCI ESTRATEGIA PESOS MAYOR A 1 AÑO","Renta Fija",NA
"8174","CFMBCIDALV","FONDO MUTUO BCI ESTRATEGIA PESOS MAYOR A 1 AÑO","Renta Fija",NA
"8460","CFMBCIGABC","FONDO MUTUO BCI ESTRATEGIA UF > 5 AÑOS","Renta Fija",NA
"8460","CFMBCIGACL","FONDO MUTUO BCI ESTRATEGIA UF > 5 AÑOS","Renta Fija",NA
"8460","CFMBCIGABP","FONDO MUTUO BCI ESTRATEGIA UF > 5 AÑOS","Renta Fija",NA
"8460","CFMBCIGAHF","FONDO MUTUO BCI ESTRATEGIA UF > 5 AÑOS","Renta Fija",NA
"8460","CFMBCIGAHA","FONDO MUTUO BCI ESTRATEGIA UF > 5 AÑOS","Renta Fija",NA
"8941","CFMBCIFUFC","FONDO MUTUO BCI ESTRATEGIA UF HASTA 1 AÑO","Renta Fija",NA
"8941","CFMBCIUFAP","FONDO MUTUO BCI ESTRATEGIA UF HASTA 1 AÑO","Renta Fija",NA
"8941","CFMBCINGBC","FONDO MUTUO BCI ESTRATEGIA UF HASTA 1 AÑO","Renta Fija",NA
"8941","CFMBCIFUFF","FONDO MUTUO BCI ESTRATEGIA UF HASTA 1 AÑO","Renta Fija",NA
"8108","CFMBCIGVRC","FONDO MUTUO BCI ESTRATEGIA UF HASTA 5 AÑOS","Renta Fija",NA
"8108","CFMBCIGVRB","FONDO MUTUO BCI ESTRATEGIA UF HASTA 5 AÑOS","Renta Fija",NA
"8108","CFMBCIGVRP","FONDO MUTUO BCI ESTRATEGIA UF HASTA 5 AÑOS","Renta Fija",NA
"8108","CFMBCIGVRF","FONDO MUTUO BCI ESTRATEGIA UF HASTA 5 AÑOS","Renta Fija",NA
"8036","CFMBCIRCLA","FONDO MUTUO BCI RENDIMIENTO","Money Market",NA
"8036","CFMBCIRFAM","FONDO MUTUO BCI RENDIMIENTO","Money Market",NA
"8036","CFMBCIRTOV","FONDO MUTUO BCI RENDIMIENTO","Money Market",NA
"9445","CFMBCIRDCL","FONDO MUTUO BCI RETORNO DÓLAR IG","Renta Fija",NA
"9445","CFMBCIRDAP","FONDO MUTUO BCI RETORNO DÓLAR IG","Renta Fija",NA
"9445","CFMBCIRDAD","FONDO MUTUO BCI RETORNO DÓLAR IG","Renta Fija",NA
"9445","CFMBCIRDBP","FONDO MUTUO BCI RETORNO DÓLAR IG","Renta Fija",NA
"9445","CFMBCIRDSI","FONDO MUTUO BCI RETORNO DÓLAR IG","Renta Fija",NA
"9445","CFMBCIRDBC","FONDO MUTUO BCI RETORNO DÓLAR IG","Renta Fija",NA
"9445","CFMBCIRDSA","FONDO MUTUO BCI RETORNO DÓLAR IG","Renta Fija",NA
"8787","CFMBCITOPP","FONDO MUTUO BCI TOP PICKS","Renta Variable",NA
"8787","CFMBCITOBP","FONDO MUTUO BCI TOP PICKS","Renta Variable",NA
"9693","CFMBIDINSC","FONDO MUTUO BI DINAMICO","Renta Fija",NA
"9693","CFMBIDINSA","FONDO MUTUO BI DINAMICO","Renta Fija",NA
"9693","CFMBIDINSB","FONDO MUTUO BI DINAMICO","Renta Fija",NA
"9693","CFMBIDINSD","FONDO MUTUO BI DINAMICO","Renta Fija",NA
"9693","CFMBIDINSI","FONDO MUTUO BI DINAMICO","Renta Fija",NA
"9905","CFMBIESTSB","FONDO MUTUO BI ESTRATÉGICO","Sin clasificación",NA
"9905","CFMBIESTSA","FONDO MUTUO BI ESTRATÉGICO","Sin clasificación",NA
"9905","CFMBIESTSC","FONDO MUTUO BI ESTRATÉGICO","Sin clasificación",NA
"9905","CFMBIESTSE","FONDO MUTUO BI ESTRATÉGICO","Sin clasificación",NA
"9905","CFMBIESTSI","FONDO MUTUO BI ESTRATÉGICO","Sin clasificación",NA
"9690","CFMBILIQSG","FONDO MUTUO BI LIQUIDEZ","Money Market",NA
"9690","CFMBILIQSI","FONDO MUTUO BI LIQUIDEZ","Money Market",NA
"9690","CFMBILIQSC","FONDO MUTUO BI LIQUIDEZ","Money Market",NA
"9690","CFMBILIQSD","FONDO MUTUO BI LIQUIDEZ","Money Market",NA
"9690","CFMBILIQSB","FONDO MUTUO BI LIQUIDEZ","Money Market",NA
"9690","CFMBILIQSA","FONDO MUTUO BI LIQUIDEZ","Money Market",NA
"9692","CFMBIMASSG","FONDO MUTUO BI MAS AHORRO","Renta Fija",NA
"9692","CFMBIMASSC","FONDO MUTUO BI MAS AHORRO","Renta Fija",NA
"9692","CFMBIMASSB","FONDO MUTUO BI MAS AHORRO","Renta Fija",NA
"9692","CFMBIMASSD","FONDO MUTUO BI MAS AHORRO","Renta Fija",NA
"9692","CFMBIMASSE","FONDO MUTUO BI MAS AHORRO","Renta Fija",NA
"9692","CFMBIMASSA","FONDO MUTUO BI MAS AHORRO","Renta Fija",NA
"9692","CFMBIMASSI","FONDO MUTUO BI MAS AHORRO","Renta Fija",NA
"10026","CFMBIPROSC","FONDO MUTUO BI PROTECCIÓN","Sin clasificación",NA
"10026","CFMBIPROSB","FONDO MUTUO BI PROTECCIÓN","Sin clasificación",NA
"10026","CFMBIPROSA","FONDO MUTUO BI PROTECCIÓN","Sin clasificación",NA
"10026","CFMBIPROSE","FONDO MUTUO BI PROTECCIÓN","Sin clasificación",NA
"10026","CFMBIPROSI","FONDO MUTUO BI PROTECCIÓN","Sin clasificación",NA
"8819","CFMBICCHAI","FONDO MUTUO BICE ACCIONES CHILE ACTIVO","Renta Variable",NA
"8819","CFMBICCHAA","FONDO MUTUO BICE ACCIONES CHILE ACTIVO","Renta Variable",NA
"8819","CFMBICCHAC","FONDO MUTUO BICE ACCIONES CHILE ACTIVO","Renta Variable",NA
"8819","CFMBICCHAD","FONDO MUTUO BICE ACCIONES CHILE ACTIVO","Renta Variable",NA
"8819","CFMBICCHAF","FONDO MUTUO BICE ACCIONES CHILE ACTIVO","Renta Variable",NA
"8553","CFMBICCMCI","FONDO MUTUO BICE ACCIONES CHILE MID CAP","Renta Variable",NA
"8553","CFMBICCMCA","FONDO MUTUO BICE ACCIONES CHILE MID CAP","Renta Variable",NA
"8553","CFMBICCMCC","FONDO MUTUO BICE ACCIONES CHILE MID CAP","Renta Variable",NA
"8553","CFMBICCMCF","FONDO MUTUO BICE ACCIONES CHILE MID CAP","Renta Variable",NA
"8553","CFMBICCMCB","FONDO MUTUO BICE ACCIONES CHILE MID CAP","Renta Variable",NA
"8142","CFMBICVAND","FONDO MUTUO BICE ACCIONES CHILE SELECTIVO","Renta Variable",NA
"8142","CFMBICVNGI","FONDO MUTUO BICE ACCIONES CHILE SELECTIVO","Renta Variable",NA
"8142","CFMBICVNGA","FONDO MUTUO BICE ACCIONES CHILE SELECTIVO","Renta Variable",NA
"8142","CFMBICBVAG","FONDO MUTUO BICE ACCIONES CHILE SELECTIVO","Renta Variable",NA
"8142","CFMBICVNGC","FONDO MUTUO BICE ACCIONES CHILE SELECTIVO","Renta Variable",NA
"8142","CFMBICVNGF","FONDO MUTUO BICE ACCIONES CHILE SELECTIVO","Renta Variable",NA
"8142","CFMBICVNGB","FONDO MUTUO BICE ACCIONES CHILE SELECTIVO","Renta Variable",NA
"8114","CFMBICBEUD","FONDO MUTUO BICE ACCIONES EUROPA","Renta Variable",NA
"8114","CFMBICBPAG","FONDO MUTUO BICE ACCIONES EUROPA","Renta Variable",NA
"8114","CFMBICBEUC","FONDO MUTUO BICE ACCIONES EUROPA","Renta Variable",NA
"8114","CFMBICBEUA","FONDO MUTUO BICE ACCIONES EUROPA","Renta Variable",NA
"8114","CFMBICBEUI","FONDO MUTUO BICE ACCIONES EUROPA","Renta Variable",NA
"8114","CFMBICBEUF","FONDO MUTUO BICE ACCIONES EUROPA","Renta Variable",NA
"8114","CFMBICBEUB","FONDO MUTUO BICE ACCIONES EUROPA","Renta Variable",NA
"8537","CFMBICBLTA","FONDO MUTUO BICE ACCIONES LATAM","Renta Variable",NA
"8537","CFMBICBLTI","FONDO MUTUO BICE ACCIONES LATAM","Renta Variable",NA
"8537","CFMBICBLTD","FONDO MUTUO BICE ACCIONES LATAM","Renta Variable",NA
"8537","CFMBICBLTC","FONDO MUTUO BICE ACCIONES LATAM","Renta Variable",NA
"8537","CFMBICBLAG","FONDO MUTUO BICE ACCIONES LATAM","Renta Variable",NA
"8537","CFMBICBLTF","FONDO MUTUO BICE ACCIONES LATAM","Renta Variable",NA
"8537","CFMBICBLTB","FONDO MUTUO BICE ACCIONES LATAM","Renta Variable",NA
"8475","CFMBICBMED","FONDO MUTUO BICE ACCIONES MERCADOS EMERGENTES","Renta Variable",NA
"8475","CFMBICBMEI","FONDO MUTUO BICE ACCIONES MERCADOS EMERGENTES","Renta Variable",NA
"8475","CFMBICBMEM","FONDO MUTUO BICE ACCIONES MERCADOS EMERGENTES","Renta Variable",NA
"8475","CFMBICBMEG","FONDO MUTUO BICE ACCIONES MERCADOS EMERGENTES","Renta Variable",NA
"8475","CFMBICBMEC","FONDO MUTUO BICE ACCIONES MERCADOS EMERGENTES","Renta Variable",NA
"8475","CFMBICBMEF","FONDO MUTUO BICE ACCIONES MERCADOS EMERGENTES","Renta Variable",NA
"8475","CFMBICBMEB","FONDO MUTUO BICE ACCIONES MERCADOS EMERGENTES","Renta Variable",NA
"8924","CFMBICMUAI","FONDO MUTUO BICE ACCIONES MUNDO SUSTENTABLE","Renta Variable",NA
"8924","CFMBICMUAA","FONDO MUTUO BICE ACCIONES MUNDO SUSTENTABLE","Renta Variable",NA
"8924","CFMBICMUAC","FONDO MUTUO BICE ACCIONES MUNDO SUSTENTABLE","Renta Variable",NA
"8924","CFMBICMUAD","FONDO MUTUO BICE ACCIONES MUNDO SUSTENTABLE","Renta Variable",NA
"8924","CFMBICMUAF","FONDO MUTUO BICE ACCIONES MUNDO SUSTENTABLE","Renta Variable",NA
"8924","CFMBICMUAE","FONDO MUTUO BICE ACCIONES MUNDO SUSTENTABLE","Renta Variable",NA
"8924","CFMBICMUAB","FONDO MUTUO BICE ACCIONES MUNDO SUSTENTABLE","Renta Variable",NA
"8183","CFMBICBNAD","FONDO MUTUO BICE ACCIONES NORTEAMERICA","Renta Variable",NA
"8183","CFMBICBNAG","FONDO MUTUO BICE ACCIONES NORTEAMERICA","Renta Variable",NA
"8183","CFMBICBNAC","FONDO MUTUO BICE ACCIONES NORTEAMERICA","Renta Variable",NA
"8183","CFMBICBNAA","FONDO MUTUO BICE ACCIONES NORTEAMERICA","Renta Variable",NA
"8183","CFMBICBNAI","FONDO MUTUO BICE ACCIONES NORTEAMERICA","Renta Variable",NA
"8183","CFMBICBNAF","FONDO MUTUO BICE ACCIONES NORTEAMERICA","Renta Variable",NA
"8183","CFMBICBNAB","FONDO MUTUO BICE ACCIONES NORTEAMERICA","Renta Variable",NA
"8785","CFMBICDINA","FONDO MUTUO BICE AGRESIVO","Balanceados",NA
"8785","CFMBICDINI","FONDO MUTUO BICE AGRESIVO","Balanceados",NA
"8785","CFMBICDIND","FONDO MUTUO BICE AGRESIVO","Balanceados",NA
"8785","CFMBICDCOG","FONDO MUTUO BICE AGRESIVO","Balanceados",NA
"8785","CFMBICDINC","FONDO MUTUO BICE AGRESIVO","Balanceados",NA
"8785","CFMBICDINF","FONDO MUTUO BICE AGRESIVO","Balanceados",NA
"8785","CFMBICDINE","FONDO MUTUO BICE AGRESIVO","Balanceados",NA
"8032","CFMBICTGRI","FONDO MUTUO BICE BALANCEADO","Balanceados",NA
"8032","CFMBICTRGA","FONDO MUTUO BICE BALANCEADO","Balanceados",NA
"8032","CFMBICTRGD","FONDO MUTUO BICE BALANCEADO","Balanceados",NA
"8032","CFMBICTETG","FONDO MUTUO BICE BALANCEADO","Balanceados",NA
"8032","CFMBICTGRC","FONDO MUTUO BICE BALANCEADO","Balanceados",NA
"8032","CFMBICTGRF","FONDO MUTUO BICE BALANCEADO","Balanceados",NA
"8032","CFMBICTRGE","FONDO MUTUO BICE BALANCEADO","Balanceados",NA
"8750","CFM-BICXDI","FONDO MUTUO BICE BONOS LATAM","Renta Fija",NA
"8750","CFMBICEXDO","FONDO MUTUO BICE BONOS LATAM","Renta Fija",NA
"8750","CFMBICEXDC","FONDO MUTUO BICE BONOS LATAM","Renta Fija",NA
"8295","CFMBICMSTI","FONDO MUTUO BICE CONSERVADOR","Balanceados",NA
"8295","CFMBICMSTA","FONDO MUTUO BICE CONSERVADOR","Balanceados",NA
"8295","CFMBICMSTC","FONDO MUTUO BICE CONSERVADOR","Balanceados",NA
"8295","CFMBICMSTD","FONDO MUTUO BICE CONSERVADOR","Balanceados",NA
"8295","CFMBICMERG","FONDO MUTUO BICE CONSERVADOR","Balanceados",NA
"8295","CFMBICMSTF","FONDO MUTUO BICE CONSERVADOR","Balanceados",NA
"8295","CFMBICMSTE","FONDO MUTUO BICE CONSERVADOR","Balanceados",NA
"10049","CFMBICSAUD","FONDO MUTUO BICE DIGITAL AGRESIVO","Balanceados",NA
"10048","CFMBICSENT","FONDO MUTUO BICE DIGITAL BALANCEADO","Balanceados",NA
"10050","CFMBICSPRU","FONDO MUTUO BICE DIGITAL CONSERVADOR","Balanceados",NA
"8506","CFMBICMDOI","FONDO MUTUO BICE LIQUIDEZ DÓLAR","Money Market",NA
"8506","CFMBICMDOL","FONDO MUTUO BICE LIQUIDEZ DÓLAR","Money Market",NA
"8506","CFMBICMDOC","FONDO MUTUO BICE LIQUIDEZ DÓLAR","Money Market",NA
"8506","CFMBICLIQB","FONDO MUTUO BICE LIQUIDEZ DÓLAR","Money Market",NA
"8063","CFMBICLIQX","FONDO MUTUO BICE LIQUIDEZ PESOS","Money Market",NA
"8063","CFMBICEIND","FONDO MUTUO BICE LIQUIDEZ PESOS","Money Market",NA
"8063","CFMBICINDD","FONDO MUTUO BICE LIQUIDEZ PESOS","Money Market",NA
"8063","CFMBICBEXG","FONDO MUTUO BICE LIQUIDEZ PESOS","Money Market",NA
"8063","CFMBICINDF","FONDO MUTUO BICE LIQUIDEZ PESOS","Money Market",NA
"8063","CFMBICINDB","FONDO MUTUO BICE LIQUIDEZ PESOS","Money Market",NA
"8902","CFMBICVLRI","FONDO MUTUO BICE RENTA CORTO PLAZO","Renta Fija",NA
"8902","CFMBICVLRC","FONDO MUTUO BICE RENTA CORTO PLAZO","Renta Fija",NA
"8902","CFMBICVLRA","FONDO MUTUO BICE RENTA CORTO PLAZO","Renta Fija",NA
"8902","CFMBICVLRF","FONDO MUTUO BICE RENTA CORTO PLAZO","Renta Fija",NA
"8902","CFMBICVLRD","FONDO MUTUO BICE RENTA CORTO PLAZO","Renta Fija",NA
"8902","CFMBICVLRE","FONDO MUTUO BICE RENTA CORTO PLAZO","Renta Fija",NA
"8902","CFMBICVLRB","FONDO MUTUO BICE RENTA CORTO PLAZO","Renta Fija",NA
"10125","CFMBICRGDI","FONDO MUTUO BICE RENTA GLOBAL AHORRO","Renta Fija",NA
"10125","CFMBICRGDC","FONDO MUTUO BICE RENTA GLOBAL AHORRO","Renta Fija",NA
"9843","CFMBICERGI","FONDO MUTUO BICE RENTA GLOBAL DÓLAR","Renta Fija",NA
"9843","CFMBICRGDA","FONDO MUTUO BICE RENTA GLOBAL DÓLAR","Renta Fija",NA
"9843","CFMBICERGC","FONDO MUTUO BICE RENTA GLOBAL DÓLAR","Renta Fija",NA
"9238","CFMBICELPI","FONDO MUTUO BICE RENTA LARGO PLAZO","Renta Fija",NA
"9238","CFMBICELPC","FONDO MUTUO BICE RENTA LARGO PLAZO","Renta Fija",NA
"9238","CFMBICELPA","FONDO MUTUO BICE RENTA LARGO PLAZO","Renta Fija",NA
"9238","CFMBICELPD","FONDO MUTUO BICE RENTA LARGO PLAZO","Renta Fija",NA
"9238","CFMBICELPG","FONDO MUTUO BICE RENTA LARGO PLAZO","Renta Fija",NA
"9238","CFMBICELPF","FONDO MUTUO BICE RENTA LARGO PLAZO","Renta Fija",NA
"9238","CFMBICELPB","FONDO MUTUO BICE RENTA LARGO PLAZO","Renta Fija",NA
"8029","CFMBICBNFI","FONDO MUTUO BICE RENTA PESOS","Renta Fija",NA
"8029","CFMBICBNFC","FONDO MUTUO BICE RENTA PESOS","Renta Fija",NA
"8029","CFMBICBEFC","FONDO MUTUO BICE RENTA PESOS","Renta Fija",NA
"8029","CFMBICBNFF","FONDO MUTUO BICE RENTA PESOS","Renta Fija",NA
"8029","CFMBICBNFE","FONDO MUTUO BICE RENTA PESOS","Renta Fija",NA
"8029","CFMBICBNFB","FONDO MUTUO BICE RENTA PESOS","Renta Fija",NA
"8141","CFMBICRUFI","FONDO MUTUO BICE RENTA UF","Renta Fija",NA
"8141","CFMBICEXTC","FONDO MUTUO BICE RENTA UF","Renta Fija",NA
"8141","CFMBICEXTA","FONDO MUTUO BICE RENTA UF","Renta Fija",NA
"8141","CFMBICEXTD","FONDO MUTUO BICE RENTA UF","Renta Fija",NA
"8141","CFMBICBRAG","FONDO MUTUO BICE RENTA UF","Renta Fija",NA
"8141","CFMBICEXTF","FONDO MUTUO BICE RENTA UF","Renta Fija",NA
"8141","CFMBICEXTE","FONDO MUTUO BICE RENTA UF","Renta Fija",NA
"8141","CFMBICEXTB","FONDO MUTUO BICE RENTA UF","Renta Fija",NA
"10009","CFMBICTGLA","FONDO MUTUO BICE TEMÁTICO GLOBAL","Renta Variable",NA
"10009","CFMBICTGLC","FONDO MUTUO BICE TEMÁTICO GLOBAL","Renta Variable",NA
"10009","CFMBICTGLI","FONDO MUTUO BICE TEMÁTICO GLOBAL","Renta Variable",NA
"10009","CFMBICTGLF","FONDO MUTUO BICE TEMÁTICO GLOBAL","Renta Variable",NA
"8100","CFMBICEMGI","FONDO MUTUO BICE TESORERIA","Money Market",NA
"8100","CFMBICEMGX","FONDO MUTUO BICE TESORERIA","Money Market",NA
"8100","CFMBICEMGA","FONDO MUTUO BICE TESORERIA","Money Market",NA
"8206","CFMCFNAEMB","FONDO MUTUO BTG PACTUAL ACCIONES LATINOAMERICANAS","Renta Variable",NA
"8206","CFMBTGACLD","FONDO MUTUO BTG PACTUAL ACCIONES LATINOAMERICANAS","Renta Variable",NA
"8206","CFMBTGACLI","FONDO MUTUO BTG PACTUAL ACCIONES LATINOAMERICANAS","Renta Variable",NA
"8206","CFMBTGACLX","FONDO MUTUO BTG PACTUAL ACCIONES LATINOAMERICANAS","Renta Variable",NA
"8205","CFMCFNAINB","FONDO MUTUO BTG PACTUAL ACCIONES USA","Renta Variable",NA
"8205","CFMBTGAUSF","FONDO MUTUO BTG PACTUAL ACCIONES USA","Renta Variable",NA
"8205","CFMCFNAINI","FONDO MUTUO BTG PACTUAL ACCIONES USA","Renta Variable",NA
"8205","CFMBTGACDC","FONDO MUTUO BTG PACTUAL ACCIONES USA","Renta Variable",NA
"8207","CFMCFNREMA","FONDO MUTUO BTG PACTUAL AHORRO LATINOAMERICANO DÓLAR","Renta Fija",NA
"8207","CFMCFNREMB","FONDO MUTUO BTG PACTUAL AHORRO LATINOAMERICANO DÓLAR","Renta Fija",NA
"8207","CFMCFNREMI","FONDO MUTUO BTG PACTUAL AHORRO LATINOAMERICANO DÓLAR","Renta Fija",NA
"8575","CFMCFNRETA","FONDO MUTUO BTG PACTUAL BRASIL","Renta Variable",NA
"8575","CFMCFNRETC","FONDO MUTUO BTG PACTUAL BRASIL","Renta Variable",NA
"8575","CFMCFNRETB","FONDO MUTUO BTG PACTUAL BRASIL","Renta Variable",NA
"8575","CFMCFNRETI","FONDO MUTUO BTG PACTUAL BRASIL","Renta Variable",NA
"8898","CFMCHAF","FONDO MUTUO BTG PACTUAL CHILE ACCIÓN","Renta Variable",NA
"8898","CFMCFNCLAB","FONDO MUTUO BTG PACTUAL CHILE ACCIÓN","Renta Variable",NA
"9006","CFMCFNGACA","FONDO MUTUO BTG PACTUAL GESTION ACTIVA","Balanceados",NA
"9006","CFMCFNGADG","FONDO MUTUO BTG PACTUAL GESTION ACTIVA","Balanceados",NA
"9006","CFMCFNGACI","FONDO MUTUO BTG PACTUAL GESTION ACTIVA","Balanceados",NA
"9006","CFMCFNGACB","FONDO MUTUO BTG PACTUAL GESTION ACTIVA","Balanceados",NA
"9006","CFMBTGGADC","FONDO MUTUO BTG PACTUAL GESTION ACTIVA","Balanceados",NA
"9006","CFMCFNGACC","FONDO MUTUO BTG PACTUAL GESTION ACTIVA","Balanceados",NA
"9006","CFMBTGGACF","FONDO MUTUO BTG PACTUAL GESTION ACTIVA","Balanceados",NA
"9873","CFMBTGGADG","FONDO MUTUO BTG PACTUAL GESTIÓN AGRESIVA","Sin clasificación",NA
"9873","CFMBTGGAGA","FONDO MUTUO BTG PACTUAL GESTIÓN AGRESIVA","Sin clasificación",NA
"9873","CFMBTGGAGI","FONDO MUTUO BTG PACTUAL GESTIÓN AGRESIVA","Sin clasificación",NA
"9873","CFMBTGGAGB","FONDO MUTUO BTG PACTUAL GESTIÓN AGRESIVA","Sin clasificación",NA
"9873","CFMBTGFADC","FONDO MUTUO BTG PACTUAL GESTIÓN AGRESIVA","Sin clasificación",NA
"9873","CFMBTGGAGC","FONDO MUTUO BTG PACTUAL GESTIÓN AGRESIVA","Sin clasificación",NA
"9872","CFMBTGGCOA","FONDO MUTUO BTG PACTUAL GESTIÓN CONSERVADORA","Sin clasificación",NA
"9872","CFMBTGGCDG","FONDO MUTUO BTG PACTUAL GESTIÓN CONSERVADORA","Sin clasificación",NA
"9872","CFMCFNGCOI","FONDO MUTUO BTG PACTUAL GESTIÓN CONSERVADORA","Sin clasificación",NA
"9872","CFMBTGGCOB","FONDO MUTUO BTG PACTUAL GESTIÓN CONSERVADORA","Sin clasificación",NA
"9872","CFMBTGGCSD","FONDO MUTUO BTG PACTUAL GESTIÓN CONSERVADORA","Sin clasificación",NA
"9872","CFMBTGCADC","FONDO MUTUO BTG PACTUAL GESTIÓN CONSERVADORA","Sin clasificación",NA
"9005","CFMCFNGDEB","FONDO MUTUO BTG PACTUAL GLOBAL DESARROLLADO","Renta Variable",NA
"9005","CFMCFNGDEI","FONDO MUTUO BTG PACTUAL GLOBAL DESARROLLADO","Renta Variable",NA
"9005","CFMBTGGDDC","FONDO MUTUO BTG PACTUAL GLOBAL DESARROLLADO","Renta Variable",NA
"9024","CFMCFNGEMB","FONDO MUTUO BTG PACTUAL GLOBAL EMERGENTE","Renta Variable",NA
"9024","CFMCFNGEMI","FONDO MUTUO BTG PACTUAL GLOBAL EMERGENTE","Renta Variable",NA
"9024","CFMBTGGEDC","FONDO MUTUO BTG PACTUAL GLOBAL EMERGENTE","Renta Variable",NA
"10225","CFMBTGELEA","FONDO MUTUO BTG PACTUAL LITIO+","Sin clasificación",NA
"10225","CFMBTGEMI","FONDO MUTUO BTG PACTUAL LITIO+","Sin clasificación",NA
"8202","CFMCFNMMKA","FONDO MUTUO BTG PACTUAL MONEY MARKET","Money Market",NA
"8202","CFMBTGMOMF","FONDO MUTUO BTG PACTUAL MONEY MARKET","Money Market",NA
"8202","CFMCFNMMKI","FONDO MUTUO BTG PACTUAL MONEY MARKET","Money Market",NA
"8202","CFMBTGMMBT","FONDO MUTUO BTG PACTUAL MONEY MARKET","Money Market",NA
"8202","CFMBTGMMKD","FONDO MUTUO BTG PACTUAL MONEY MARKET","Money Market",NA
"8618","CFMCFNRINA","FONDO MUTUO BTG PACTUAL MONEY MARKET DOLAR","Money Market",NA
"8618","CFMBTGMMDF","FONDO MUTUO BTG PACTUAL MONEY MARKET DOLAR","Money Market",NA
"8618","CFMCFNRINI","FONDO MUTUO BTG PACTUAL MONEY MARKET DOLAR","Money Market",NA
"8618","CFMCFNRINB","FONDO MUTUO BTG PACTUAL MONEY MARKET DOLAR","Money Market",NA
"8932","CFMCFNREPI","FONDO MUTUO BTG PACTUAL RENTA A PLAZO","Renta Fija",NA
"8932","CFMCFNREPA","FONDO MUTUO BTG PACTUAL RENTA A PLAZO","Renta Fija",NA
"8932","CFMCFNREPB","FONDO MUTUO BTG PACTUAL RENTA A PLAZO","Renta Fija",NA
"8932","CFMBTGRPBT","FONDO MUTUO BTG PACTUAL RENTA A PLAZO","Renta Fija",NA
"8932","CFMBTGRPLD","FONDO MUTUO BTG PACTUAL RENTA A PLAZO","Renta Fija",NA
"8950","CFMCFNRACA","FONDO MUTUO BTG PACTUAL RENTA ACTIVA","Renta Fija",NA
"8950","CFMCFNRACI","FONDO MUTUO BTG PACTUAL RENTA ACTIVA","Renta Fija",NA
"8950","CFMCFNRACB","FONDO MUTUO BTG PACTUAL RENTA ACTIVA","Renta Fija",NA
"8950","CFMCFNRACC","FONDO MUTUO BTG PACTUAL RENTA ACTIVA","Renta Fija",NA
"8950","CFMBTGRACF","FONDO MUTUO BTG PACTUAL RENTA ACTIVA","Renta Fija",NA
"8203","CFMCFNRCHI","FONDO MUTUO BTG PACTUAL RENTA CHILENA","Renta Fija",NA
"8203","CFMCFNRCHA","FONDO MUTUO BTG PACTUAL RENTA CHILENA","Renta Fija",NA
"8203","CFMBTGRADC","FONDO MUTUO BTG PACTUAL RENTA CHILENA","Renta Fija",NA
"8203","CFMCFNRCHB","FONDO MUTUO BTG PACTUAL RENTA CHILENA","Renta Fija",NA
"8203","CFMBTGRCBT","FONDO MUTUO BTG PACTUAL RENTA CHILENA","Renta Fija",NA
"8203","CFMBTGRCHD","FONDO MUTUO BTG PACTUAL RENTA CHILENA","Renta Fija",NA
"9209","CFMBTGRINA","FONDO MUTUO BTG PACTUAL RENTA INTERNACIONAL","Renta Fija",NA
"9209","CFMBTGRINI","FONDO MUTUO BTG PACTUAL RENTA INTERNACIONAL","Renta Fija",NA
"9209","CFMBTGRINB","FONDO MUTUO BTG PACTUAL RENTA INTERNACIONAL","Renta Fija",NA
"9209","CFMBTGRIDC","FONDO MUTUO BTG PACTUAL RENTA INTERNACIONAL","Renta Fija",NA
"9209","CFMBTGRINC","FONDO MUTUO BTG PACTUAL RENTA INTERNACIONAL","Renta Fija",NA
"9209","CFMBTGRINF","FONDO MUTUO BTG PACTUAL RENTA INTERNACIONAL","Renta Fija",NA
"8897","CFMCFNRLOI","FONDO MUTUO BTG PACTUAL RENTA LOCAL","Renta Fija",NA
"8897","CFMCFNRLOA","FONDO MUTUO BTG PACTUAL RENTA LOCAL","Renta Fija",NA
"8897","CFMCFNRLOB","FONDO MUTUO BTG PACTUAL RENTA LOCAL","Renta Fija",NA
"8897","CFMBTGRLBG","FONDO MUTUO BTG PACTUAL RENTA LOCAL","Renta Fija",NA
"8897","CFMBTGRLOD","FONDO MUTUO BTG PACTUAL RENTA LOCAL","Renta Fija",NA
"8358","CFMCFNRNOA","FONDO MUTUO BTG PACTUAL RENTA NOMINAL","Renta Fija",NA
"8358","CFMCFNRNOI","FONDO MUTUO BTG PACTUAL RENTA NOMINAL","Renta Fija",NA
"8358","CFMCFNRNOB","FONDO MUTUO BTG PACTUAL RENTA NOMINAL","Renta Fija",NA
"8358","CFMBTGRNBT","FONDO MUTUO BTG PACTUAL RENTA NOMINAL","Renta Fija",NA
"8358","CFMBTGRNOD","FONDO MUTUO BTG PACTUAL RENTA NOMINAL","Renta Fija",NA
"9362","CFMCGACHD","FONDO MUTUO COMPASS ACCIONES CHILENAS","Renta Variable",NA
"9362","CFMCGACHA","FONDO MUTUO COMPASS ACCIONES CHILENAS","Renta Variable",NA
"9362","CFMCGACHH","FONDO MUTUO COMPASS ACCIONES CHILENAS","Renta Variable",NA
"9362","CFMCGACHB","FONDO MUTUO COMPASS ACCIONES CHILENAS","Renta Variable",NA
"9362","CFMCGACHC","FONDO MUTUO COMPASS ACCIONES CHILENAS","Renta Variable",NA
"8317","CFMESTCOMA","FONDO MUTUO COMPROMISO BANCOESTADO","Renta Fija",NA
"8317","CFMESTCOMF","FONDO MUTUO COMPROMISO BANCOESTADO","Renta Fija",NA
"8317","CFMESTCOMB","FONDO MUTUO COMPROMISO BANCOESTADO","Renta Fija",NA
"8317","CFMESTCOMI","FONDO MUTUO COMPROMISO BANCOESTADO","Renta Fija",NA
"8317","CFMESTCOMC","FONDO MUTUO COMPROMISO BANCOESTADO","Renta Fija",NA
"8375","CFMCNSALPL","FONDO MUTUO CONSORCIO AHORRO DINÁMICO","Renta Fija",NA
"8375","CFMCNSRLPF","FONDO MUTUO CONSORCIO AHORRO DINÁMICO","Renta Fija",NA
"8375","CFMCNSALPA","FONDO MUTUO CONSORCIO AHORRO DINÁMICO","Renta Fija",NA
"8375","CFMCNSRLPP","FONDO MUTUO CONSORCIO AHORRO DINÁMICO","Renta Fija",NA
"9428","CFMDIAGREF","FONDO MUTUO CONSORCIO DINÁMICO AGRESIVO","Balanceados",NA
"9428","CFMDIAGREA","FONDO MUTUO CONSORCIO DINÁMICO AGRESIVO","Balanceados",NA
"9428","CFMDIAGREP","FONDO MUTUO CONSORCIO DINÁMICO AGRESIVO","Balanceados",NA
"9429","CFMDIBALAF","FONDO MUTUO CONSORCIO DINÁMICO BALANCEADO","Balanceados",NA
"9429","CFMDIBALAA","FONDO MUTUO CONSORCIO DINÁMICO BALANCEADO","Balanceados",NA
"9429","CFMDIBALAP","FONDO MUTUO CONSORCIO DINÁMICO BALANCEADO","Balanceados",NA
"9430","CFMDICONSF","FONDO MUTUO CONSORCIO DINÁMICO CONSERVADOR","Balanceados",NA
"9430","CFMDICONSA","FONDO MUTUO CONSORCIO DINÁMICO CONSERVADOR","Balanceados",NA
"9431","CFMDICRECF","FONDO MUTUO CONSORCIO DINÁMICO CRECIMIENTO","Balanceados",NA
"9431","CFMDICRECA","FONDO MUTUO CONSORCIO DINÁMICO CRECIMIENTO","Balanceados",NA
"9431","CFMDICRECP","FONDO MUTUO CONSORCIO DINÁMICO CRECIMIENTO","Balanceados",NA
"9432","CFMDIMODEA","FONDO MUTUO CONSORCIO DINÁMICO MODERADO","Balanceados",NA
"9432","CFMDIMODEF","FONDO MUTUO CONSORCIO DINÁMICO MODERADO","Balanceados",NA
"9432","CFMDIMODEP","FONDO MUTUO CONSORCIO DINÁMICO MODERADO","Balanceados",NA
"8320","CFMESTCONA","FONDO MUTUO CONVENIENCIA BANCOESTADO","Money Market",NA
"8320","CFMESTCONB","FONDO MUTUO CONVENIENCIA BANCOESTADO","Money Market",NA
"8320","CFMESTCONC","FONDO MUTUO CONVENIENCIA BANCOESTADO","Money Market",NA
"8320","CFMESTCONI","FONDO MUTUO CONVENIENCIA BANCOESTADO","Money Market",NA
"8982","CFMCCESTRI","FONDO MUTUO CREDICORP CAPITAL ACCIONES ESTRATEGICAS","Renta Variable",NA
"8982","CFMCCESTRB","FONDO MUTUO CREDICORP CAPITAL ACCIONES ESTRATEGICAS","Renta Variable",NA
"8982","CFMCCESTRC","FONDO MUTUO CREDICORP CAPITAL ACCIONES ESTRATEGICAS","Renta Variable",NA
"8982","CFMCCESTRE","FONDO MUTUO CREDICORP CAPITAL ACCIONES ESTRATEGICAS","Renta Variable",NA
"8982","CFMCCESTRA","FONDO MUTUO CREDICORP CAPITAL ACCIONES ESTRATEGICAS","Renta Variable",NA
"8982","CFMCCESTRM","FONDO MUTUO CREDICORP CAPITAL ACCIONES ESTRATEGICAS","Renta Variable",NA
"10141","CFMCCRISRT","FONDO MUTUO CREDICORP CAPITAL DESPEGA","Sin clasificación",NA
"9056","CFMIMTDEUI","FONDO MUTUO CREDICORP CAPITAL DEUDA 360","Renta Fija",NA
"9056","CFMIMTDEUB","FONDO MUTUO CREDICORP CAPITAL DEUDA 360","Renta Fija",NA
"9056","CFMIMTDEUE","FONDO MUTUO CREDICORP CAPITAL DEUDA 360","Renta Fija",NA
"9056","CFMCCDEUTY","FONDO MUTUO CREDICORP CAPITAL DEUDA 360","Renta Fija",NA
"9056","CFMIMTDEUA","FONDO MUTUO CREDICORP CAPITAL DEUDA 360","Renta Fija",NA
"9056","CFMCCDEUAC","FONDO MUTUO CREDICORP CAPITAL DEUDA 360","Renta Fija",NA
"9056","CMFIMTDEUM","FONDO MUTUO CREDICORP CAPITAL DEUDA 360","Renta Fija",NA
"9365","CFMCCCLIGB","FONDO MUTUO CREDICORP CAPITAL DEUDA CORPORATIVA LATAM INVESTMENT GRADE","Renta Fija",NA
"9365","CFMCCCLIGU","FONDO MUTUO CREDICORP CAPITAL DEUDA CORPORATIVA LATAM INVESTMENT GRADE","Renta Fija",NA
"9365","CFMCCCLIGI","FONDO MUTUO CREDICORP CAPITAL DEUDA CORPORATIVA LATAM INVESTMENT GRADE","Renta Fija",NA
"9365","CFMCCCLIGA","FONDO MUTUO CREDICORP CAPITAL DEUDA CORPORATIVA LATAM INVESTMENT GRADE","Renta Fija",NA
"9365","CFMCCCLIIM","FONDO MUTUO CREDICORP CAPITAL DEUDA CORPORATIVA LATAM INVESTMENT GRADE","Renta Fija",NA
"10135","CFMCCBRADT","FONDO MUTUO CREDICORP CAPITAL EQUILIBRIO","Sin clasificación",NA
"8427","CFMCCGLOAC","FONDO MUTUO CREDICORP CAPITAL GLOBALES I","Renta Variable",NA
"8427","CFMCCGLOBI","FONDO MUTUO CREDICORP CAPITAL GLOBALES I","Renta Variable",NA
"8427","CFMCCGLOBB","FONDO MUTUO CREDICORP CAPITAL GLOBALES I","Renta Variable",NA
"8427","CFMCCGLOIM","FONDO MUTUO CREDICORP CAPITAL GLOBALES I","Renta Variable",NA
"8427","CFMIMTAAGA","FONDO MUTUO CREDICORP CAPITAL GLOBALES I","Renta Variable",NA
"8427","CFMCCGLOBE","FONDO MUTUO CREDICORP CAPITAL GLOBALES I","Renta Variable",NA
"8427","CFMCCGLOCC","FONDO MUTUO CREDICORP CAPITAL GLOBALES I","Renta Variable",NA
"9623","CFICCLAI-E","FONDO MUTUO CREDICORP CAPITAL LATIN AMERICAN EQUITY",NA,NA
"9623","CFICCAEB-E","FONDO MUTUO CREDICORP CAPITAL LATIN AMERICAN EQUITY",NA,NA
"9623","CFICCAED-E","FONDO MUTUO CREDICORP CAPITAL LATIN AMERICAN EQUITY",NA,NA
"9623","CFICCAEC-E","FONDO MUTUO CREDICORP CAPITAL LATIN AMERICAN EQUITY",NA,NA
"9623","CFICCLAEAC","FONDO MUTUO CREDICORP CAPITAL LATIN AMERICAN EQUITY",NA,NA
"9623","CFICCLAEIM","FONDO MUTUO CREDICORP CAPITAL LATIN AMERICAN EQUITY",NA,NA
"9623","CFICCAEU-E","FONDO MUTUO CREDICORP CAPITAL LATIN AMERICAN EQUITY",NA,NA
"8401","CFMIMTLIQB","FONDO MUTUO CREDICORP CAPITAL LIQUIDEZ","Money Market",NA
"8401","CFMIMTLIQF","FONDO MUTUO CREDICORP CAPITAL LIQUIDEZ","Money Market",NA
"8401","CFMIMTLIQI","FONDO MUTUO CREDICORP CAPITAL LIQUIDEZ","Money Market",NA
"8401","CFMIMTLIQM","FONDO MUTUO CREDICORP CAPITAL LIQUIDEZ","Money Market",NA
"8401","CFMCCLIQTY","FONDO MUTUO CREDICORP CAPITAL LIQUIDEZ","Money Market",NA
"8401","CFMCCLIQAC","FONDO MUTUO CREDICORP CAPITAL LIQUIDEZ","Money Market",NA
"8401","CFMCCLIQCC","FONDO MUTUO CREDICORP CAPITAL LIQUIDEZ","Money Market",NA
"8401","CFMIMTLIQA","FONDO MUTUO CREDICORP CAPITAL LIQUIDEZ","Money Market",NA
"9108","CFMCCMPLZB","FONDO MUTUO CREDICORP CAPITAL MEDIANO PLAZO","Sin clasificación",NA
"9108","CFMCCMPLZI","FONDO MUTUO CREDICORP CAPITAL MEDIANO PLAZO","Sin clasificación",NA
"9108","CFMCCMPLCC","FONDO MUTUO CREDICORP CAPITAL MEDIANO PLAZO","Sin clasificación",NA
"9108","CFMCCMPLAC","FONDO MUTUO CREDICORP CAPITAL MEDIANO PLAZO","Sin clasificación",NA
"9108","CFMCCMPLIM","FONDO MUTUO CREDICORP CAPITAL MEDIANO PLAZO","Sin clasificación",NA
"8945","CFMCCMONMI","FONDO MUTUO CREDICORP CAPITAL MONEY MARKET","Money Market",NA
"8945","CFMCCMONMB","FONDO MUTUO CREDICORP CAPITAL MONEY MARKET","Money Market",NA
"8945","CFMCCCMONF","FONDO MUTUO CREDICORP CAPITAL MONEY MARKET","Money Market",NA
"8945","CFMCCMONAC","FONDO MUTUO CREDICORP CAPITAL MONEY MARKET","Money Market",NA
"8945","CFMCCMONCC","FONDO MUTUO CREDICORP CAPITAL MONEY MARKET","Money Market",NA
"8945","CFMCCMONMM","FONDO MUTUO CREDICORP CAPITAL MONEY MARKET","Money Market",NA
"10138","CFMCCPOWPT","FONDO MUTUO CREDICORP CAPITAL PROTEGE","Sin clasificación",NA
"8421","CFMCCCRESB","FONDO MUTUO CREDICORP CAPITAL RENTA ESTRATEGICA","Renta Fija",NA
"8421","CFMCCCRESI","FONDO MUTUO CREDICORP CAPITAL RENTA ESTRATEGICA","Renta Fija",NA
"8421","CFMCCCRSAC","FONDO MUTUO CREDICORP CAPITAL RENTA ESTRATEGICA","Renta Fija",NA
"8421","CFMCCCRESM","FONDO MUTUO CREDICORP CAPITAL RENTA ESTRATEGICA","Renta Fija",NA
"8421","CFMIMTRCAA","FONDO MUTUO CREDICORP CAPITAL RENTA ESTRATEGICA","Renta Fija",NA
"8442","CFMCCINTAC","FONDO MUTUO CREDICORP CAPITAL RENTA INTERNACIONAL","Renta Fija",NA
"8442","CFMCCRINTE","FONDO MUTUO CREDICORP CAPITAL RENTA INTERNACIONAL","Renta Fija",NA
"8442","CFMCCRINTB","FONDO MUTUO CREDICORP CAPITAL RENTA INTERNACIONAL","Renta Fija",NA
"8442","CFMCCRINIM","FONDO MUTUO CREDICORP CAPITAL RENTA INTERNACIONAL","Renta Fija",NA
"8442","CFMIMTRINT","FONDO MUTUO CREDICORP CAPITAL RENTA INTERNACIONAL","Renta Fija",NA
"8442","CFMIMTIRIA","FONDO MUTUO CREDICORP CAPITAL RENTA INTERNACIONAL","Renta Fija",NA
"10087","CFMCCSDLAC","FONDO MUTUO CREDICORP CAPITAL SHORT DURATION LATAM","Sin clasificación",NA
"10087","CFMCCSHDLI","FONDO MUTUO CREDICORP CAPITAL SHORT DURATION LATAM","Sin clasificación",NA
"10087","CFMCCSDLCC","FONDO MUTUO CREDICORP CAPITAL SHORT DURATION LATAM","Sin clasificación",NA
"9019","CFMITNIPSA","FONDO MUTUO ETF IT NOW S&P IPSA","Renta Variable",NA
"9568","CFMFTLCCA","FONDO MUTUO FINTUAL CONSERVATIVE CLOONEY","Balanceados",NA
"9569","CFMFTLMPA","FONDO MUTUO FINTUAL MODERATE PITT","Balanceados",NA
"9570","CFMFTLRNA","FONDO MUTUO FINTUAL RISKY NORRIS","Balanceados",NA
"9730","CFMFTLVCSA","FONDO MUTUO FINTUAL VERY CONSERVATIVE STREEP","Balanceados",NA
"9608","CFMSECA35J","FONDO MUTUO FONDO ACTIVO 2035","Balanceados",NA
"9608","CFMSECA35B","FONDO MUTUO FONDO ACTIVO 2035","Balanceados",NA
"9609","CFMSECA45J","FONDO MUTUO FONDO ACTIVO 2045","Balanceados",NA
"9609","CFMSECA45B","FONDO MUTUO FONDO ACTIVO 2045","Balanceados",NA
"9610","CFMSECA55J","FONDO MUTUO FONDO ACTIVO 2055","Balanceados",NA
"9610","CFMSECA55B","FONDO MUTUO FONDO ACTIVO 2055","Balanceados",NA
"9922","CFMITAAEF1","FONDO MUTUO ITAU ACCIONES EMERGENTES","Renta Variable",NA
"9922","CFMITAAEF3","FONDO MUTUO ITAU ACCIONES EMERGENTES","Renta Variable",NA
"9922","CFMITAAEF2","FONDO MUTUO ITAU ACCIONES EMERGENTES","Renta Variable",NA
"9922","CFMITAAEIT","FONDO MUTUO ITAU ACCIONES EMERGENTES","Renta Variable",NA
"9926","CFMITAALF1","FONDO MUTUO ITAU ACCIONES LATINOAMERICANAS","Renta Variable",NA
"9926","CFMITAALF2","FONDO MUTUO ITAU ACCIONES LATINOAMERICANAS","Renta Variable",NA
"9926","CFMITAALF3","FONDO MUTUO ITAU ACCIONES LATINOAMERICANAS","Renta Variable",NA
"9926","CFMITACAIT","FONDO MUTUO ITAU ACCIONES LATINOAMERICANAS","Renta Variable",NA
"8352","CFMITAVAF2","FONDO MUTUO ITAU AHORRO CORTO PLAZO","Renta Fija",NA
"8352","CFMITAVAF5","FONDO MUTUO ITAU AHORRO CORTO PLAZO","Renta Fija",NA
"8352","CFMITAVAF4","FONDO MUTUO ITAU AHORRO CORTO PLAZO","Renta Fija",NA
"8352","CFMITAVAIT","FONDO MUTUO ITAU AHORRO CORTO PLAZO","Renta Fija",NA
"8352","CFMITAIUES","FONDO MUTUO ITAU AHORRO CORTO PLAZO","Renta Fija",NA
"9539","CFMITAAPD1","FONDO MUTUO ITAU AHORRO PLUS","Renta Fija",NA
"9539","CFMITAAPIT","FONDO MUTUO ITAU AHORRO PLUS","Renta Fija",NA
"9539","CFMITAAPD5","FONDO MUTUO ITAU AHORRO PLUS","Renta Fija",NA
"9539","CFMITAAPD4","FONDO MUTUO ITAU AHORRO PLUS","Renta Fija",NA
"10027","CFMITAADF4","FONDO MUTUO ITAU AHORRO PLUS DÓLAR","Sin clasificación",NA
"10243","CFMITAAUSI","FONDO MUTUO ITAU AHORRO UF","Sin clasificación",NA
"10243","CFMITAAUIT","FONDO MUTUO ITAU AHORRO UF","Sin clasificación",NA
"10064","CFMITACZF3","FONDO MUTUO ITAU CARTERA CRECIMIENTO AGRESIVO","Sin clasificación",NA
"10063","CFMITACAF3","FONDO MUTUO ITAU CARTERA CRECIMIENTO BALANCEADO","Sin clasificación",NA
"10063","CFMITAAVIT","FONDO MUTUO ITAU CARTERA CRECIMIENTO BALANCEADO","Sin clasificación",NA
"10021","CFMITACEF3","FONDO MUTUO ITAU CARTERA CRECIMIENTO DEFENSIVO","Sin clasificación",NA
"10021","CFMITACEIT","FONDO MUTUO ITAU CARTERA CRECIMIENTO DEFENSIVO","Sin clasificación",NA
"10020","CFMITACTF3","FONDO MUTUO ITAU CARTERA RESERVA","Sin clasificación",NA
"10020","CFMITACTIT","FONDO MUTUO ITAU CARTERA RESERVA","Sin clasificación",NA
"9248","CFMITADCIT","FONDO MUTUO ITAU DEUDA CORPORATIVA CHILE","Renta Fija",NA
"9248","CFMITADCCU","FONDO MUTUO ITAU DEUDA CORPORATIVA CHILE","Renta Fija",NA
"9248","CFMITADCCI","FONDO MUTUO ITAU DEUDA CORPORATIVA CHILE","Renta Fija",NA
"9248","CFMITADCAP","FONDO MUTUO ITAU DEUDA CORPORATIVA CHILE","Renta Fija",NA
"8620","CFMITAMPIT","FONDO MUTUO ITAU DEUDA NOMINAL","Renta Fija",NA
"8620","CFMCORMPF5","FONDO MUTUO ITAU DEUDA NOMINAL","Renta Fija",NA
"8620","CFMCORMPF4","FONDO MUTUO ITAU DEUDA NOMINAL","Renta Fija",NA
"8620","CFMCORMIOV","FONDO MUTUO ITAU DEUDA NOMINAL","Renta Fija",NA
"8959","CFMITAFDF2","FONDO MUTUO ITAU DINAMICO","Renta Fija",NA
"8959","CFMITAFDF5","FONDO MUTUO ITAU DINAMICO","Renta Fija",NA
"8959","CFMITAFD4F","FONDO MUTUO ITAU DINAMICO","Renta Fija",NA
"8959","CFMITAFDIT","FONDO MUTUO ITAU DINAMICO","Renta Fija",NA
"8959","CFMITAFDIS","FONDO MUTUO ITAU DINAMICO","Renta Fija",NA
"9717","CFMITADP2F","FONDO MUTUO ITAU DINAMICO PLUS","Renta Fija",NA
"9717","CFMITADP5F","FONDO MUTUO ITAU DINAMICO PLUS","Renta Fija",NA
"9717","CFMITADPIT","FONDO MUTUO ITAU DINAMICO PLUS","Renta Fija",NA
"9717","CFMITADPF4","FONDO MUTUO ITAU DINAMICO PLUS","Renta Fija",NA
"8979","CFMITALPF1","FONDO MUTUO ITAU DINÁMICO ULTRA","Renta Variable",NA
"8979","CFMITALPAS","FONDO MUTUO ITAU DINÁMICO ULTRA","Renta Variable",NA
"8979","CFMITALPF2","FONDO MUTUO ITAU DINÁMICO ULTRA","Renta Variable",NA
"8979","CFMITALPF4","FONDO MUTUO ITAU DINÁMICO ULTRA","Renta Variable",NA
"8979","CFMITALPF3","FONDO MUTUO ITAU DINÁMICO ULTRA","Renta Variable",NA
"8979","CFMITALPF5","FONDO MUTUO ITAU DINÁMICO ULTRA","Renta Variable",NA
"8979","CFMITALPIT","FONDO MUTUO ITAU DINÁMICO ULTRA","Renta Variable",NA
"9988","CFMITAGLF1","FONDO MUTUO ITAU ESG GLOBAL CREDITS","Sin clasificación",NA
"9988","CFMITAGLF2","FONDO MUTUO ITAU ESG GLOBAL CREDITS","Sin clasificación",NA
"9988","CFMITAGLF3","FONDO MUTUO ITAU ESG GLOBAL CREDITS","Sin clasificación",NA
"9988","CFMITAGLIT","FONDO MUTUO ITAU ESG GLOBAL CREDITS","Sin clasificación",NA
"9987","CFMITAESF1","FONDO MUTUO ITAU ESG NORDEA EMERGING STARS","Sin clasificación",NA
"9987","CFMITAESF2","FONDO MUTUO ITAU ESG NORDEA EMERGING STARS","Sin clasificación",NA
"9987","CFMITAESF3","FONDO MUTUO ITAU ESG NORDEA EMERGING STARS","Sin clasificación",NA
"9987","CFMITAESIT","FONDO MUTUO ITAU ESG NORDEA EMERGING STARS","Sin clasificación",NA
"8971","CFMITAGEIT","FONDO MUTUO ITAU GESTIONADO ACCIONES","Renta Variable",NA
"8971","CFMITAGEF1","FONDO MUTUO ITAU GESTIONADO ACCIONES","Renta Variable",NA
"8971","CFMITAGEF3","FONDO MUTUO ITAU GESTIONADO ACCIONES","Renta Variable",NA
"8971","CFMITAGEF4","FONDO MUTUO ITAU GESTIONADO ACCIONES","Renta Variable",NA
"8971","CFMITAGEF2","FONDO MUTUO ITAU GESTIONADO ACCIONES","Renta Variable",NA
"8971","CFMITAGESS","FONDO MUTUO ITAU GESTIONADO ACCIONES","Renta Variable",NA
"8971","CFMITAGEF5","FONDO MUTUO ITAU GESTIONADO ACCIONES","Renta Variable",NA
"8993","CFMITAGAS2","FONDO MUTUO ITAU GESTIONADO AGRESIVO","Balanceados",NA
"8993","CFMITAGAF1","FONDO MUTUO ITAU GESTIONADO AGRESIVO","Balanceados",NA
"8993","CFMITAGAF2","FONDO MUTUO ITAU GESTIONADO AGRESIVO","Balanceados",NA
"8993","CFMITAGAF3","FONDO MUTUO ITAU GESTIONADO AGRESIVO","Balanceados",NA
"8993","CFMITAGAF5","FONDO MUTUO ITAU GESTIONADO AGRESIVO","Balanceados",NA
"8993","CFMITAGAF4","FONDO MUTUO ITAU GESTIONADO AGRESIVO","Balanceados",NA
"8993","CFMITAGAIT","FONDO MUTUO ITAU GESTIONADO AGRESIVO","Balanceados",NA
"8993","CFMITAGAGS","FONDO MUTUO ITAU GESTIONADO AGRESIVO","Balanceados",NA
"8994","CFMITAGCF1","FONDO MUTUO ITAU GESTIONADO CONSERVADOR","Balanceados",NA
"8994","CFMITAGGS2","FONDO MUTUO ITAU GESTIONADO CONSERVADOR","Balanceados",NA
"8994","CFMITAGCF2","FONDO MUTUO ITAU GESTIONADO CONSERVADOR","Balanceados",NA
"8994","CFMITAGCF3","FONDO MUTUO ITAU GESTIONADO CONSERVADOR","Balanceados",NA
"8994","CFMITAGCF5","FONDO MUTUO ITAU GESTIONADO CONSERVADOR","Balanceados",NA
"8994","CFMITAGCF4","FONDO MUTUO ITAU GESTIONADO CONSERVADOR","Balanceados",NA
"8994","CFMITAGCIT","FONDO MUTUO ITAU GESTIONADO CONSERVADOR","Balanceados",NA
"8994","CFMITAGCOS","FONDO MUTUO ITAU GESTIONADO CONSERVADOR","Balanceados",NA
"8992","CFMITAGMS2","FONDO MUTUO ITAU GESTIONADO MODERADO","Balanceados",NA
"8992","CFMITAGMF1","FONDO MUTUO ITAU GESTIONADO MODERADO","Balanceados",NA
"8992","CFMITAGMF2","FONDO MUTUO ITAU GESTIONADO MODERADO","Balanceados",NA
"8992","CFMITAGMF3","FONDO MUTUO ITAU GESTIONADO MODERADO","Balanceados",NA
"8992","CFMITAGMF4","FONDO MUTUO ITAU GESTIONADO MODERADO","Balanceados",NA
"8992","CFMITAGMF5","FONDO MUTUO ITAU GESTIONADO MODERADO","Balanceados",NA
"8992","CFMITAGMIT","FONDO MUTUO ITAU GESTIONADO MODERADO","Balanceados",NA
"8992","CFMITAGMOS","FONDO MUTUO ITAU GESTIONADO MODERADO","Balanceados",NA
"9931","CFMITAGBF1","FONDO MUTUO ITAU GLOBAL BRANDS","Renta Variable",NA
"9931","CFMITAGBF2","FONDO MUTUO ITAU GLOBAL BRANDS","Renta Variable",NA
"9931","CFMITAGBF3","FONDO MUTUO ITAU GLOBAL BRANDS","Renta Variable",NA
"9931","CFMITAGBIT","FONDO MUTUO ITAU GLOBAL BRANDS","Renta Variable",NA
"8254","CFMITALCF1","FONDO MUTUO ITAU LATAM CORPORATE","Renta Fija",NA
"8254","CFMITALCF6","FONDO MUTUO ITAU LATAM CORPORATE","Renta Fija",NA
"8254","CFMITALCF2","FONDO MUTUO ITAU LATAM CORPORATE","Renta Fija",NA
"8254","CFMITALCF4","FONDO MUTUO ITAU LATAM CORPORATE","Renta Fija",NA
"8254","CFMITALCF3","FONDO MUTUO ITAU LATAM CORPORATE","Renta Fija",NA
"8254","CFMITALCF5","FONDO MUTUO ITAU LATAM CORPORATE","Renta Fija",NA
"8254","CFMITALCIT","FONDO MUTUO ITAU LATAM CORPORATE","Renta Fija",NA
"9935","CFMITACLF1","FONDO MUTUO ITAU MONEDA CREDITO LATAM","Sin clasificación",NA
"9935","CFMITACLF3","FONDO MUTUO ITAU MONEDA CREDITO LATAM","Sin clasificación",NA
"9935","CFMITACLF2","FONDO MUTUO ITAU MONEDA CREDITO LATAM","Sin clasificación",NA
"9935","CFMITACLIT","FONDO MUTUO ITAU MONEDA CREDITO LATAM","Sin clasificación",NA
"8305","CFMITANEIT","FONDO MUTUO ITAU NATIONAL EQUITY","Renta Variable",NA
"8305","CFMITANEQS","FONDO MUTUO ITAU NATIONAL EQUITY","Renta Variable",NA
"8305","CFMITANEF5","FONDO MUTUO ITAU NATIONAL EQUITY","Renta Variable",NA
"8305","CFMITANEF4","FONDO MUTUO ITAU NATIONAL EQUITY","Renta Variable",NA
"8305","CFMITANEAP","FONDO MUTUO ITAU NATIONAL EQUITY","Renta Variable",NA
"8092","CFMCOREFM1","FONDO MUTUO ITAU PERFORMANCE","Money Market",NA
"8092","CFMCOREFM2","FONDO MUTUO ITAU PERFORMANCE","Money Market",NA
"8092","CFMCOREFM3","FONDO MUTUO ITAU PERFORMANCE","Money Market",NA
"8092","CFMCOREFM5","FONDO MUTUO ITAU PERFORMANCE","Money Market",NA
"8092","CFMCOREFM4","FONDO MUTUO ITAU PERFORMANCE","Money Market",NA
"9834","CFMITARDF5","FONDO MUTUO ITAU RENTA DINAMICA GLOBAL","Renta Fija",NA
"9834","CFMITARDF4","FONDO MUTUO ITAU RENTA DINAMICA GLOBAL","Renta Fija",NA
"9834","CFMITARDIT","FONDO MUTUO ITAU RENTA DINAMICA GLOBAL","Renta Fija",NA
"8338","CFMITASEM5","FONDO MUTUO ITAU SELECT","Money Market",NA
"8338","CFMITASEM1","FONDO MUTUO ITAU SELECT","Money Market",NA
"8338","CFMITASEM3","FONDO MUTUO ITAU SELECT","Money Market",NA
"8338","CFMITASEM4","FONDO MUTUO ITAU SELECT","Money Market",NA
"8338","CFMITASEM2","FONDO MUTUO ITAU SELECT","Money Market",NA
"8338","CFMITASEM6","FONDO MUTUO ITAU SELECT","Money Market",NA
"8338","CFMITASELS","FONDO MUTUO ITAU SELECT","Money Market",NA
"8338","CFMITASEIT","FONDO MUTUO ITAU SELECT","Money Market",NA
"8234","CFMITACNM1","FONDO MUTUO ITAU SELECT PLUS","Money Market",NA
"8234","CFMBOTCRPC","FONDO MUTUO ITAU SELECT PLUS","Money Market",NA
"9936","CFMITATEF1","FONDO MUTUO ITAU TOESCA CHILE EQUITIES","Renta Variable",NA
"9936","CFMITATEF3","FONDO MUTUO ITAU TOESCA CHILE EQUITIES","Renta Variable",NA
"9936","CFMITATEIT","FONDO MUTUO ITAU TOESCA CHILE EQUITIES","Renta Variable",NA
"9936","CFMITATEF2","FONDO MUTUO ITAU TOESCA CHILE EQUITIES","Renta Variable",NA
"8479","CFMITATUF1","FONDO MUTUO ITAU TOP USA","Renta Variable",NA
"8479","CFMITATUF2","FONDO MUTUO ITAU TOP USA","Renta Variable",NA
"8479","CFMITATUF3","FONDO MUTUO ITAU TOP USA","Renta Variable",NA
"8479","CFMITATUF5","FONDO MUTUO ITAU TOP USA","Renta Variable",NA
"8479","CFMITATUF4","FONDO MUTUO ITAU TOP USA","Renta Variable",NA
"8479","CFMITATUIT","FONDO MUTUO ITAU TOP USA","Renta Variable",NA
"8479","CFMITTUSAS","FONDO MUTUO ITAU TOP USA","Renta Variable",NA
"9201","CFMITAUPF5","FONDO MUTUO ITAU UF PLUS","Renta Fija",NA
"9201","CFMITADUIT","FONDO MUTUO ITAU UF PLUS","Renta Fija",NA
"9201","CFMITAUPF4","FONDO MUTUO ITAU UF PLUS","Renta Fija",NA
"9201","CFMITAUPAP","FONDO MUTUO ITAU UF PLUS","Renta Fija",NA
"9932","CFMITAUAF1","FONDO MUTUO ITAU US ADVANTAGE","Renta Variable",NA
"9932","CFMITAUAF2","FONDO MUTUO ITAU US ADVANTAGE","Renta Variable",NA
"9932","CFMITAUAF3","FONDO MUTUO ITAU US ADVANTAGE","Renta Variable",NA
"9932","CFMITAUAIT","FONDO MUTUO ITAU US ADVANTAGE","Renta Variable",NA
"8799","CFMITABAF1","FONDO MUTUO ITAÚ BRASIL ACTIVO","Renta Variable",NA
"8799","CFMITABAF5","FONDO MUTUO ITAÚ BRASIL ACTIVO","Renta Variable",NA
"8799","CFMITABAF2","FONDO MUTUO ITAÚ BRASIL ACTIVO","Renta Variable",NA
"8799","CFMITABAF3","FONDO MUTUO ITAÚ BRASIL ACTIVO","Renta Variable",NA
"8799","CFMITABAF4","FONDO MUTUO ITAÚ BRASIL ACTIVO","Renta Variable",NA
"8799","CFMITABAIT","FONDO MUTUO ITAÚ BRASIL ACTIVO","Renta Variable",NA
"8333","CFMITACDM5","FONDO MUTUO ITAÚ CASH DOLLAR","Money Market",NA
"8333","CFMITACDM1","FONDO MUTUO ITAÚ CASH DOLLAR","Money Market",NA
"8333","CFMITACDM4","FONDO MUTUO ITAÚ CASH DOLLAR","Money Market",NA
"8333","CFMITACDM3","FONDO MUTUO ITAÚ CASH DOLLAR","Money Market",NA
"8333","CFMITACDM2","FONDO MUTUO ITAÚ CASH DOLLAR","Money Market",NA
"9921","CFMITAINF1","FONDO MUTUO ITAÚ INCOME","Renta Fija",NA
"9921","CFMITAINF3","FONDO MUTUO ITAÚ INCOME","Renta Fija",NA
"9921","CFMITAINF2","FONDO MUTUO ITAÚ INCOME","Renta Fija",NA
"9921","CFMITAINIT","FONDO MUTUO ITAÚ INCOME","Renta Fija",NA
"8872","CFMLVACNAL","FONDO MUTUO LARRAINVIAL ACCIONES NACIONALES","Renta Variable",NA
"8872","CFMLVACNAX","FONDO MUTUO LARRAINVIAL ACCIONES NACIONALES","Renta Variable",NA
"8872","CFMLVACNAA","FONDO MUTUO LARRAINVIAL ACCIONES NACIONALES","Renta Variable",NA
"8872","CFMLVACNAF","FONDO MUTUO LARRAINVIAL ACCIONES NACIONALES","Renta Variable",NA
"8872","CFMLVACNAP","FONDO MUTUO LARRAINVIAL ACCIONES NACIONALES","Renta Variable",NA
"8872","CFMLVACNAI","FONDO MUTUO LARRAINVIAL ACCIONES NACIONALES","Renta Variable",NA
"8755","CFMLVAPLAF","FONDO MUTUO LARRAINVIAL AHORRO A PLAZO","Renta Fija",NA
"8755","CFMLVAPLAZ","FONDO MUTUO LARRAINVIAL AHORRO A PLAZO","Renta Fija",NA
"8755","CFMLVAPLAI","FONDO MUTUO LARRAINVIAL AHORRO A PLAZO","Renta Fija",NA
"8755","CFMLVAPLAP","FONDO MUTUO LARRAINVIAL AHORRO A PLAZO","Renta Fija",NA
"8755","CFMLVAHO-D","FONDO MUTUO LARRAINVIAL AHORRO A PLAZO","Renta Fija",NA
"8755","CFMLVAHORL","FONDO MUTUO LARRAINVIAL AHORRO A PLAZO","Renta Fija",NA
"10260","CFMELEAH-D","FONDO MUTUO LARRAINVIAL AHORRO ACTIVO","Balanceados",NA
"10260","CFMELEAH-L","FONDO MUTUO LARRAINVIAL AHORRO ACTIVO","Balanceados",NA
"8263","CFMLVAHCAF","FONDO MUTUO LARRAINVIAL AHORRO CAPITAL","Renta Fija",NA
"8263","CFMLVAHCAP","FONDO MUTUO LARRAINVIAL AHORRO CAPITAL","Renta Fija",NA
"8263","CFMLVAHCAI","FONDO MUTUO LARRAINVIAL AHORRO CAPITAL","Renta Fija",NA
"8263","CFMLVAHCAX","FONDO MUTUO LARRAINVIAL AHORRO CAPITAL","Renta Fija",NA
"8263","CFMLVAHCPP","FONDO MUTUO LARRAINVIAL AHORRO CAPITAL","Renta Fija",NA
"8263","CFMLVACAPL","FONDO MUTUO LARRAINVIAL AHORRO CAPITAL","Renta Fija",NA
"8315","CFMLVAHCOF","FONDO MUTUO LARRAINVIAL AHORRO CORPORATIVO","Renta Fija",NA
"8315","CFMLVAHCOA","FONDO MUTUO LARRAINVIAL AHORRO CORPORATIVO","Renta Fija",NA
"8315","CFMLVAHCOL","FONDO MUTUO LARRAINVIAL AHORRO CORPORATIVO","Renta Fija",NA
"8315","CFMLVAHCOI","FONDO MUTUO LARRAINVIAL AHORRO CORPORATIVO","Renta Fija",NA
"8315","CFMLVAHCOP","FONDO MUTUO LARRAINVIAL AHORRO CORPORATIVO","Renta Fija",NA
"9221","CFMLVAHDOF","FONDO MUTUO LARRAINVIAL AHORRO DÓLAR","Renta Fija",NA
"9221","CFMLVAHDOI","FONDO MUTUO LARRAINVIAL AHORRO DÓLAR","Renta Fija",NA
"9221","CFMLVAHDOA","FONDO MUTUO LARRAINVIAL AHORRO DÓLAR","Renta Fija",NA
"9221","CFMLVAHDOP","FONDO MUTUO LARRAINVIAL AHORRO DÓLAR","Renta Fija",NA
"8240","CFMLVAHESF","FONDO MUTUO LARRAINVIAL AHORRO ESTRATEGICO","Renta Fija",NA
"8240","CFMLVAHEST","FONDO MUTUO LARRAINVIAL AHORRO ESTRATEGICO","Renta Fija",NA
"8240","CFMLVAHESI","FONDO MUTUO LARRAINVIAL AHORRO ESTRATEGICO","Renta Fija",NA
"8240","CFMLVESTRL","FONDO MUTUO LARRAINVIAL AHORRO ESTRATEGICO","Renta Fija",NA
"8240","CFMLVAHESP","FONDO MUTUO LARRAINVIAL AHORRO ESTRATEGICO","Renta Fija",NA
"8240","CFMLVAHESD","FONDO MUTUO LARRAINVIAL AHORRO ESTRATEGICO","Renta Fija",NA
"9023","CFMLVASIAF","FONDO MUTUO LARRAINVIAL ASIA","Renta Variable",NA
"9023","CFMLVASIAL","FONDO MUTUO LARRAINVIAL ASIA","Renta Variable",NA
"9023","CFMLVASIAA","FONDO MUTUO LARRAINVIAL ASIA","Renta Variable",NA
"9023","CFMLVASIAP","FONDO MUTUO LARRAINVIAL ASIA","Renta Variable",NA
"9023","CFMLVASIAI","FONDO MUTUO LARRAINVIAL ASIA","Renta Variable",NA
"8502","CFMLVBOLTF","FONDO MUTUO LARRAINVIAL BONOS LATAM","Renta Fija",NA
"8502","CFMLVBLATI","FONDO MUTUO LARRAINVIAL BONOS LATAM","Renta Fija",NA
"8502","CFMLVBOLTA","FONDO MUTUO LARRAINVIAL BONOS LATAM","Renta Fija",NA
"8502","CFMLVBOLTP","FONDO MUTUO LARRAINVIAL BONOS LATAM","Renta Fija",NA
"8502","CFMLVBONLL","FONDO MUTUO LARRAINVIAL BONOS LATAM","Renta Fija",NA
"8502","CFMLVBOLAQ","FONDO MUTUO LARRAINVIAL BONOS LATAM","Renta Fija",NA
"9193","CFMLVESAGX","FONDO MUTUO LARRAINVIAL CUENTA ACTIVA AGRESIVA","Balanceados",NA
"9193","CFMLVESAGL","FONDO MUTUO LARRAINVIAL CUENTA ACTIVA AGRESIVA","Balanceados",NA
"9193","CFMLVESAGA","FONDO MUTUO LARRAINVIAL CUENTA ACTIVA AGRESIVA","Balanceados",NA
"9193","CFMLVESAGD","FONDO MUTUO LARRAINVIAL CUENTA ACTIVA AGRESIVA","Balanceados",NA
"9193","CFMLVESAGQ","FONDO MUTUO LARRAINVIAL CUENTA ACTIVA AGRESIVA","Balanceados",NA
"10002","CFMLVCAADF","FONDO MUTUO LARRAINVIAL CUENTA ACTIVA AGRESIVA DÓLAR","Balanceados",NA
"10002","CFMLVCAADA","FONDO MUTUO LARRAINVIAL CUENTA ACTIVA AGRESIVA DÓLAR","Balanceados",NA
"9192","CFMLVESCOL","FONDO MUTUO LARRAINVIAL CUENTA ACTIVA CONSERVADORA","Balanceados",NA
"9192","CFMLVESCOA","FONDO MUTUO LARRAINVIAL CUENTA ACTIVA CONSERVADORA","Balanceados",NA
"9192","CFMLVESCOX","FONDO MUTUO LARRAINVIAL CUENTA ACTIVA CONSERVADORA","Balanceados",NA
"9192","CFMLVESCOI","FONDO MUTUO LARRAINVIAL CUENTA ACTIVA CONSERVADORA","Balanceados",NA
"9192","CFMLVESCOD","FONDO MUTUO LARRAINVIAL CUENTA ACTIVA CONSERVADORA","Balanceados",NA
"9192","CFMLVESCOQ","FONDO MUTUO LARRAINVIAL CUENTA ACTIVA CONSERVADORA","Balanceados",NA
"9853","CFMLVCACDF","FONDO MUTUO LARRAINVIAL CUENTA ACTIVA CONSERVADORA DÓLAR","Balanceados",NA
"9853","CFMLVCACDA","FONDO MUTUO LARRAINVIAL CUENTA ACTIVA CONSERVADORA DÓLAR","Balanceados",NA
"9853","CFMLVCACDI","FONDO MUTUO LARRAINVIAL CUENTA ACTIVA CONSERVADORA DÓLAR","Balanceados",NA
"8172","CFMLVBHYGF","FONDO MUTUO LARRAINVIAL CUENTA ACTIVA DEFENSIVA DÓLAR","Renta Fija",NA
"8172","CFMLVBHYGA","FONDO MUTUO LARRAINVIAL CUENTA ACTIVA DEFENSIVA DÓLAR","Renta Fija",NA
"8172","CFMLVBHYGP","FONDO MUTUO LARRAINVIAL CUENTA ACTIVA DEFENSIVA DÓLAR","Renta Fija",NA
"8172","CFMLVBHYGL","FONDO MUTUO LARRAINVIAL CUENTA ACTIVA DEFENSIVA DÓLAR","Renta Fija",NA
"9190","CFMLVESMOL","FONDO MUTUO LARRAINVIAL CUENTA ACTIVA MODERADA","Balanceados",NA
"9190","CFMLVESMOA","FONDO MUTUO LARRAINVIAL CUENTA ACTIVA MODERADA","Balanceados",NA
"9190","CFMLVESMOX","FONDO MUTUO LARRAINVIAL CUENTA ACTIVA MODERADA","Balanceados",NA
"9190","CFMLVESMOI","FONDO MUTUO LARRAINVIAL CUENTA ACTIVA MODERADA","Balanceados",NA
"9190","CFMLVESMOD","FONDO MUTUO LARRAINVIAL CUENTA ACTIVA MODERADA","Balanceados",NA
"9816","CFMLVCAMDF","FONDO MUTUO LARRAINVIAL CUENTA ACTIVA MODERADA DÓLAR","Balanceados",NA
"9816","CFMLVCAMDA","FONDO MUTUO LARRAINVIAL CUENTA ACTIVA MODERADA DÓLAR","Balanceados",NA
"9816","CFMLVCAMDI","FONDO MUTUO LARRAINVIAL CUENTA ACTIVA MODERADA DÓLAR","Balanceados",NA
"9816","CFMLVCAMDT","FONDO MUTUO LARRAINVIAL CUENTA ACTIVA MODERADA DÓLAR","Balanceados",NA
"8723","CFMLVENFQF","FONDO MUTUO LARRAINVIAL ENFOQUE","Renta Variable",NA
"8723","CFMLVENFQI","FONDO MUTUO LARRAINVIAL ENFOQUE","Renta Variable",NA
"8723","CFMLVENFQA","FONDO MUTUO LARRAINVIAL ENFOQUE","Renta Variable",NA
"8723","CFMLVENFOL","FONDO MUTUO LARRAINVIAL ENFOQUE","Renta Variable",NA
"8723","CFMLVENFQP","FONDO MUTUO LARRAINVIAL ENFOQUE","Renta Variable",NA
"8437","CFMLVEEUUF","FONDO MUTUO LARRAINVIAL ESTADOS UNIDOS","Renta Variable",NA
"8437","CFMLVEEUUA","FONDO MUTUO LARRAINVIAL ESTADOS UNIDOS","Renta Variable",NA
"8437","CFMLVEEUUI","FONDO MUTUO LARRAINVIAL ESTADOS UNIDOS","Renta Variable",NA
"8437","CFMLVEEUUP","FONDO MUTUO LARRAINVIAL ESTADOS UNIDOS","Renta Variable",NA
"8437","CFMLVEEUUL","FONDO MUTUO LARRAINVIAL ESTADOS UNIDOS","Renta Variable",NA
"9027","CFMLVEUROF","FONDO MUTUO LARRAINVIAL EUROPA","Renta Variable",NA
"9027","CFMLVEUROA","FONDO MUTUO LARRAINVIAL EUROPA","Renta Variable",NA
"9027","CFMLVEUROL","FONDO MUTUO LARRAINVIAL EUROPA","Renta Variable",NA
"9027","CFMLVEUROP","FONDO MUTUO LARRAINVIAL EUROPA","Renta Variable",NA
"9027","CFMLVEUROI","FONDO MUTUO LARRAINVIAL EUROPA","Renta Variable",NA
"8705","CFMLVLATIF","FONDO MUTUO LARRAINVIAL LATINOAMERICANO","Renta Variable",NA
"8705","CFMLVLATIN","FONDO MUTUO LARRAINVIAL LATINOAMERICANO","Renta Variable",NA
"8705","CFMLVLATII","FONDO MUTUO LARRAINVIAL LATINOAMERICANO","Renta Variable",NA
"8705","CFMLVLATIP","FONDO MUTUO LARRAINVIAL LATINOAMERICANO","Renta Variable",NA
"8705","CFMLVLATIL","FONDO MUTUO LARRAINVIAL LATINOAMERICANO","Renta Variable",NA
"8177","CFMLVCASHI","FONDO MUTUO LARRAINVIAL MONETARIO","Money Market",NA
"8177","CFMLVCHSF","FONDO MUTUO LARRAINVIAL MONETARIO","Money Market",NA
"8177","CFMLVCASHA","FONDO MUTUO LARRAINVIAL MONETARIO","Money Market",NA
"8177","CFMLVCASHL","FONDO MUTUO LARRAINVIAL MONETARIO","Money Market",NA
"8177","CFMLVCASHP","FONDO MUTUO LARRAINVIAL MONETARIO","Money Market",NA
"8606","CFMLVMMAKI","FONDO MUTUO LARRAINVIAL MONEY MARKET","Money Market",NA
"8606","CFMLVMMAKF","FONDO MUTUO LARRAINVIAL MONEY MARKET","Money Market",NA
"8606","CFMLVMMAKA","FONDO MUTUO LARRAINVIAL MONEY MARKET","Money Market",NA
"8606","CFMLVMONEL","FONDO MUTUO LARRAINVIAL MONEY MARKET","Money Market",NA
"8245","CFMLVPOLIF","FONDO MUTUO LARRAINVIAL PORTFOLIO LIDER","Balanceados",NA
"8245","CFMLVPOLID","FONDO MUTUO LARRAINVIAL PORTFOLIO LIDER","Balanceados",NA
"8245","CFMLVLIDEI","FONDO MUTUO LARRAINVIAL PORTFOLIO LIDER","Balanceados",NA
"8245","CFMLVLIDEP","FONDO MUTUO LARRAINVIAL PORTFOLIO LIDER","Balanceados",NA
"8245","CFMLVLIDEL","FONDO MUTUO LARRAINVIAL PORTFOLIO LIDER","Balanceados",NA
"8788","CFMLVPROTX","FONDO MUTUO LARRAINVIAL PROTECCION","Balanceados",NA
"8788","CFMLVPROTA","FONDO MUTUO LARRAINVIAL PROTECCION","Balanceados",NA
"8788","CFMLVPROTF","FONDO MUTUO LARRAINVIAL PROTECCION","Balanceados",NA
"8788","CFMLVPROTP","FONDO MUTUO LARRAINVIAL PROTECCION","Balanceados",NA
"8788","CFMLVPROTI","FONDO MUTUO LARRAINVIAL PROTECCION","Balanceados",NA
"8438","CFMPRIASIP","FONDO MUTUO PRINCIPAL ASIA EQUITY","Renta Variable",NA
"8438","CFMPRIASIH","FONDO MUTUO PRINCIPAL ASIA EQUITY","Renta Variable",NA
"8438","CFMPRIASPT","FONDO MUTUO PRINCIPAL ASIA EQUITY","Renta Variable",NA
"8438","CFMPRIASIK","FONDO MUTUO PRINCIPAL ASIA EQUITY","Renta Variable",NA
"8438","CFMPRIASIG","FONDO MUTUO PRINCIPAL ASIA EQUITY","Renta Variable",NA
"8438","CFMPRIASIV","FONDO MUTUO PRINCIPAL ASIA EQUITY","Renta Variable",NA
"8438","CFMPRIASIO","FONDO MUTUO PRINCIPAL ASIA EQUITY","Renta Variable",NA
"8438","CFMPRIASIB","FONDO MUTUO PRINCIPAL ASIA EQUITY","Renta Variable",NA
"8438","CFMPRIASGL","FONDO MUTUO PRINCIPAL ASIA EQUITY","Renta Variable",NA
"8038","CFMPRICAPO","FONDO MUTUO PRINCIPAL CAPITALES ACCIONES CHILENAS","Renta Variable",NA
"8038","CFMPRICAPG","FONDO MUTUO PRINCIPAL CAPITALES ACCIONES CHILENAS","Renta Variable",NA
"8038","CFMPRICAPT","FONDO MUTUO PRINCIPAL CAPITALES ACCIONES CHILENAS","Renta Variable",NA
"8038","CFMPRICAPH","FONDO MUTUO PRINCIPAL CAPITALES ACCIONES CHILENAS","Renta Variable",NA
"8038","CFMPRICAPP","FONDO MUTUO PRINCIPAL CAPITALES ACCIONES CHILENAS","Renta Variable",NA
"8038","CFMPRICAIV","FONDO MUTUO PRINCIPAL CAPITALES ACCIONES CHILENAS","Renta Variable",NA
"8038","CFMPRICAPK","FONDO MUTUO PRINCIPAL CAPITALES ACCIONES CHILENAS","Renta Variable",NA
"8038","CFMPRICAPB","FONDO MUTUO PRINCIPAL CAPITALES ACCIONES CHILENAS","Renta Variable",NA
"8038","CFMPRICAGL","FONDO MUTUO PRINCIPAL CAPITALES ACCIONES CHILENAS","Renta Variable",NA
"8250","CFMPRIDCPG","FONDO MUTUO PRINCIPAL DEUDA CORTO PLAZO","Renta Fija",NA
"8250","CFMPRIDCPT","FONDO MUTUO PRINCIPAL DEUDA CORTO PLAZO","Renta Fija",NA
"8250","CFMPRIDCIV","FONDO MUTUO PRINCIPAL DEUDA CORTO PLAZO","Renta Fija",NA
"8250","CFMPRIDCPH","FONDO MUTUO PRINCIPAL DEUDA CORTO PLAZO","Renta Fija",NA
"8250","CFMPRIDCPB","FONDO MUTUO PRINCIPAL DEUDA CORTO PLAZO","Renta Fija",NA
"8250","CFMPRIDCPP","FONDO MUTUO PRINCIPAL DEUDA CORTO PLAZO","Renta Fija",NA
"8250","CFMPRIDCPK","FONDO MUTUO PRINCIPAL DEUDA CORTO PLAZO","Renta Fija",NA
"8250","CFMPRIDCGL","FONDO MUTUO PRINCIPAL DEUDA CORTO PLAZO","Renta Fija",NA
"8250","CFMPRIDCPO","FONDO MUTUO PRINCIPAL DEUDA CORTO PLAZO","Renta Fija",NA
"8251","CFMPRIDFPT","FONDO MUTUO PRINCIPAL DEUDA FLEXIBLE","Balanceados",NA
"8251","CFMPRIDFIV","FONDO MUTUO PRINCIPAL DEUDA FLEXIBLE","Balanceados",NA
"8251","CFMPRIDFLH","FONDO MUTUO PRINCIPAL DEUDA FLEXIBLE","Balanceados",NA
"8251","CFMPRIDFLG","FONDO MUTUO PRINCIPAL DEUDA FLEXIBLE","Balanceados",NA
"8251","CFMPRIDFLK","FONDO MUTUO PRINCIPAL DEUDA FLEXIBLE","Balanceados",NA
"8251","CFMPRIDFLP","FONDO MUTUO PRINCIPAL DEUDA FLEXIBLE","Balanceados",NA
"8251","CFMPRIDFLB","FONDO MUTUO PRINCIPAL DEUDA FLEXIBLE","Balanceados",NA
"8251","CFMPRIDFGL","FONDO MUTUO PRINCIPAL DEUDA FLEXIBLE","Balanceados",NA
"8619","CFMPRIREMO","FONDO MUTUO PRINCIPAL DEUDA INTERNACIONAL","Renta Fija",NA
"8619","CFMPRIDEIP","FONDO MUTUO PRINCIPAL DEUDA INTERNACIONAL","Renta Fija",NA
"8619","CFMPRIREMG","FONDO MUTUO PRINCIPAL DEUDA INTERNACIONAL","Renta Fija",NA
"8619","CFMPRIDIIV","FONDO MUTUO PRINCIPAL DEUDA INTERNACIONAL","Renta Fija",NA
"8619","CFMPRIDEIK","FONDO MUTUO PRINCIPAL DEUDA INTERNACIONAL","Renta Fija",NA
"8619","CFMPRIDEIH","FONDO MUTUO PRINCIPAL DEUDA INTERNACIONAL","Renta Fija",NA
"8619","CFMPRIDIPT","FONDO MUTUO PRINCIPAL DEUDA INTERNACIONAL","Renta Fija",NA
"8619","CFMPRIREMB","FONDO MUTUO PRINCIPAL DEUDA INTERNACIONAL","Renta Fija",NA
"8619","CFMPRIDIGL","FONDO MUTUO PRINCIPAL DEUDA INTERNACIONAL","Renta Fija",NA
"8619","CFMPRIDII2","FONDO MUTUO PRINCIPAL DEUDA INTERNACIONAL","Renta Fija",NA
"8422","CFMPRIDMIV","FONDO MUTUO PRINCIPAL DEUDA MEDIANO PLAZO","Renta Fija",NA
"8422","CFMPRIDMPT","FONDO MUTUO PRINCIPAL DEUDA MEDIANO PLAZO","Renta Fija",NA
"8422","CFMPRIDMPG","FONDO MUTUO PRINCIPAL DEUDA MEDIANO PLAZO","Renta Fija",NA
"8422","CFMPRIDMPH","FONDO MUTUO PRINCIPAL DEUDA MEDIANO PLAZO","Renta Fija",NA
"8422","CFMPRIDMPP","FONDO MUTUO PRINCIPAL DEUDA MEDIANO PLAZO","Renta Fija",NA
"8422","CFMPRIDMPK","FONDO MUTUO PRINCIPAL DEUDA MEDIANO PLAZO","Renta Fija",NA
"8422","CFMPRIDMPB","FONDO MUTUO PRINCIPAL DEUDA MEDIANO PLAZO","Renta Fija",NA
"8422","CFMPRIDMGL","FONDO MUTUO PRINCIPAL DEUDA MEDIANO PLAZO","Renta Fija",NA
"8422","CFMPRIDMPO","FONDO MUTUO PRINCIPAL DEUDA MEDIANO PLAZO","Renta Fija",NA
"9597","CFMPRIUFPT","FONDO MUTUO PRINCIPAL DEUDA MEDIANO PLAZO UF","Renta Fija",NA
"9597","CFMPRIUFIV","FONDO MUTUO PRINCIPAL DEUDA MEDIANO PLAZO UF","Renta Fija",NA
"9597","CFMPRIDUFG","FONDO MUTUO PRINCIPAL DEUDA MEDIANO PLAZO UF","Renta Fija",NA
"9597","CFMPRIDUFP","FONDO MUTUO PRINCIPAL DEUDA MEDIANO PLAZO UF","Renta Fija",NA
"9597","CFMPRIDUFH","FONDO MUTUO PRINCIPAL DEUDA MEDIANO PLAZO UF","Renta Fija",NA
"9597","CFMPRIDUFK","FONDO MUTUO PRINCIPAL DEUDA MEDIANO PLAZO UF","Renta Fija",NA
"9597","CFMPRIDUFO","FONDO MUTUO PRINCIPAL DEUDA MEDIANO PLAZO UF","Renta Fija",NA
"9597","CFMPRIUFGL","FONDO MUTUO PRINCIPAL DEUDA MEDIANO PLAZO UF","Renta Fija",NA
"8610","CFMPRIEUEP","FONDO MUTUO PRINCIPAL EMERGING EUROPE EQUITY","Renta Variable",NA
"8610","CFMPRIEEIV","FONDO MUTUO PRINCIPAL EMERGING EUROPE EQUITY","Renta Variable",NA
"8610","CFMPRIEUEH","FONDO MUTUO PRINCIPAL EMERGING EUROPE EQUITY","Renta Variable",NA
"8610","CFMPRIEUEK","FONDO MUTUO PRINCIPAL EMERGING EUROPE EQUITY","Renta Variable",NA
"8610","CFMPRIEUEG","FONDO MUTUO PRINCIPAL EMERGING EUROPE EQUITY","Renta Variable",NA
"8610","CFMPRIEUEO","FONDO MUTUO PRINCIPAL EMERGING EUROPE EQUITY","Renta Variable",NA
"8610","CFMPRIEUEB","FONDO MUTUO PRINCIPAL EMERGING EUROPE EQUITY","Renta Variable",NA
"8610","CFMPRIEEPT","FONDO MUTUO PRINCIPAL EMERGING EUROPE EQUITY","Renta Variable",NA
"8610","CFMPRIEEGL","FONDO MUTUO PRINCIPAL EMERGING EUROPE EQUITY","Renta Variable",NA
"8097","CFMPRIEURO","FONDO MUTUO PRINCIPAL EUROPE EQUITY","Renta Variable",NA
"8097","CFMPRIEURH","FONDO MUTUO PRINCIPAL EUROPE EQUITY","Renta Variable",NA
"8097","CFMPRIEURP","FONDO MUTUO PRINCIPAL EUROPE EQUITY","Renta Variable",NA
"8097","CFMPRIEURG","FONDO MUTUO PRINCIPAL EUROPE EQUITY","Renta Variable",NA
"8097","CFMPRIEURK","FONDO MUTUO PRINCIPAL EUROPE EQUITY","Renta Variable",NA
"8097","CFMPRIEUIV","FONDO MUTUO PRINCIPAL EUROPE EQUITY","Renta Variable",NA
"8097","CFMPRIEUPT","FONDO MUTUO PRINCIPAL EUROPE EQUITY","Renta Variable",NA
"8097","CFMPRIEQUB","FONDO MUTUO PRINCIPAL EUROPE EQUITY","Renta Variable",NA
"9593","CFMPRIGAAH","FONDO MUTUO PRINCIPAL GESTION ACTIVA ARRIESGADO","Balanceados",NA
"9593","CFMPRIGAAG","FONDO MUTUO PRINCIPAL GESTION ACTIVA ARRIESGADO","Balanceados",NA
"9593","CFMPRIGAAK","FONDO MUTUO PRINCIPAL GESTION ACTIVA ARRIESGADO","Balanceados",NA
"9593","CFMPRIAAIV","FONDO MUTUO PRINCIPAL GESTION ACTIVA ARRIESGADO","Balanceados",NA
"9593","CFMPRIAAPT","FONDO MUTUO PRINCIPAL GESTION ACTIVA ARRIESGADO","Balanceados",NA
"9593","CFMPRIGAAP","FONDO MUTUO PRINCIPAL GESTION ACTIVA ARRIESGADO","Balanceados",NA
"9593","CFMPRIGAAB","FONDO MUTUO PRINCIPAL GESTION ACTIVA ARRIESGADO","Balanceados",NA
"9593","CFMPRIAAGL","FONDO MUTUO PRINCIPAL GESTION ACTIVA ARRIESGADO","Balanceados",NA
"9595","CFMPRIACIV","FONDO MUTUO PRINCIPAL GESTION ACTIVA CONSERVADOR","Balanceados",NA
"9595","CFMPRIACPT","FONDO MUTUO PRINCIPAL GESTION ACTIVA CONSERVADOR","Balanceados",NA
"9595","CFMPRIGACG","FONDO MUTUO PRINCIPAL GESTION ACTIVA CONSERVADOR","Balanceados",NA
"9595","CFMPRIGACH","FONDO MUTUO PRINCIPAL GESTION ACTIVA CONSERVADOR","Balanceados",NA
"9595","CFMPRIGACP","FONDO MUTUO PRINCIPAL GESTION ACTIVA CONSERVADOR","Balanceados",NA
"9595","CFMPRIGACB","FONDO MUTUO PRINCIPAL GESTION ACTIVA CONSERVADOR","Balanceados",NA
"9595","CFMPRIGACK","FONDO MUTUO PRINCIPAL GESTION ACTIVA CONSERVADOR","Balanceados",NA
"9595","CFMPRIACGL","FONDO MUTUO PRINCIPAL GESTION ACTIVA CONSERVADOR","Balanceados",NA
"9594","CFMPRIGAMG","FONDO MUTUO PRINCIPAL GESTION ACTIVA MODERADO","Balanceados",NA
"9594","CFMPRIAMIV","FONDO MUTUO PRINCIPAL GESTION ACTIVA MODERADO","Balanceados",NA
"9594","CFMPRIGAMH","FONDO MUTUO PRINCIPAL GESTION ACTIVA MODERADO","Balanceados",NA
"9594","CFMPRIAMPT","FONDO MUTUO PRINCIPAL GESTION ACTIVA MODERADO","Balanceados",NA
"9594","CFMPRIGAMK","FONDO MUTUO PRINCIPAL GESTION ACTIVA MODERADO","Balanceados",NA
"9594","CFMPRIGAMP","FONDO MUTUO PRINCIPAL GESTION ACTIVA MODERADO","Balanceados",NA
"9594","CFMPRIGAMB","FONDO MUTUO PRINCIPAL GESTION ACTIVA MODERADO","Balanceados",NA
"9594","CFMPRIAMGL","FONDO MUTUO PRINCIPAL GESTION ACTIVA MODERADO","Balanceados",NA
"8824","CFMPRIGMAH","FONDO MUTUO PRINCIPAL GESTION ACTIVA MUY ARRIESGADO","Balanceados",NA
"8824","CFMPRIGMAB","FONDO MUTUO PRINCIPAL GESTION ACTIVA MUY ARRIESGADO","Balanceados",NA
"8824","CFMPRIGMAP","FONDO MUTUO PRINCIPAL GESTION ACTIVA MUY ARRIESGADO","Balanceados",NA
"8824","CFMPRIGMAG","FONDO MUTUO PRINCIPAL GESTION ACTIVA MUY ARRIESGADO","Balanceados",NA
"8824","CFMPRIMAIV","FONDO MUTUO PRINCIPAL GESTION ACTIVA MUY ARRIESGADO","Balanceados",NA
"8824","CFMPRIGMAK","FONDO MUTUO PRINCIPAL GESTION ACTIVA MUY ARRIESGADO","Balanceados",NA
"8824","CFMPRIMAPT","FONDO MUTUO PRINCIPAL GESTION ACTIVA MUY ARRIESGADO","Balanceados",NA
"8824","CFMPRIMAGL","FONDO MUTUO PRINCIPAL GESTION ACTIVA MUY ARRIESGADO","Balanceados",NA
"8824","CFMPRIMAI2","FONDO MUTUO PRINCIPAL GESTION ACTIVA MUY ARRIESGADO","Balanceados",NA
"8824","CFMPRIGMAO","FONDO MUTUO PRINCIPAL GESTION ACTIVA MUY ARRIESGADO","Balanceados",NA
"9596","CFMPRIGMCG","FONDO MUTUO PRINCIPAL GESTION ACTIVA MUY CONSERVADOR","Balanceados",NA
"9596","CFMPRIMCIV","FONDO MUTUO PRINCIPAL GESTION ACTIVA MUY CONSERVADOR","Balanceados",NA
"9596","CFMPRIMCPT","FONDO MUTUO PRINCIPAL GESTION ACTIVA MUY CONSERVADOR","Balanceados",NA
"9596","CFMPRIGMCH","FONDO MUTUO PRINCIPAL GESTION ACTIVA MUY CONSERVADOR","Balanceados",NA
"9596","CFMPRIGMCP","FONDO MUTUO PRINCIPAL GESTION ACTIVA MUY CONSERVADOR","Balanceados",NA
"9596","CFMPRIGMCB","FONDO MUTUO PRINCIPAL GESTION ACTIVA MUY CONSERVADOR","Balanceados",NA
"9596","CFMPRIGMCK","FONDO MUTUO PRINCIPAL GESTION ACTIVA MUY CONSERVADOR","Balanceados",NA
"9596","CFMPRIMCGL","FONDO MUTUO PRINCIPAL GESTION ACTIVA MUY CONSERVADOR","Balanceados",NA
"8098","CFMPRILATO","FONDO MUTUO PRINCIPAL LATAM EQUITY","Renta Variable",NA
"8098","CFMPRILAEG","FONDO MUTUO PRINCIPAL LATAM EQUITY","Renta Variable",NA
"8098","CFMPRILAEP","FONDO MUTUO PRINCIPAL LATAM EQUITY","Renta Variable",NA
"8098","CFMPRILTIV","FONDO MUTUO PRINCIPAL LATAM EQUITY","Renta Variable",NA
"8098","CFMPRILAEH","FONDO MUTUO PRINCIPAL LATAM EQUITY","Renta Variable",NA
"8098","CFMPRILTPT","FONDO MUTUO PRINCIPAL LATAM EQUITY","Renta Variable",NA
"8098","CFMPRILAEK","FONDO MUTUO PRINCIPAL LATAM EQUITY","Renta Variable",NA
"8098","CFMPRILATB","FONDO MUTUO PRINCIPAL LATAM EQUITY","Renta Variable",NA
"8098","CFMPRILTGL","FONDO MUTUO PRINCIPAL LATAM EQUITY","Renta Variable",NA
"9033","CFMPRIPERO","FONDO MUTUO PRINCIPAL PERMANENCIA DEUDA EXTRA LARGO PLAZO","Renta Fija",NA
"9033","CFMPRIPEPT","FONDO MUTUO PRINCIPAL PERMANENCIA DEUDA EXTRA LARGO PLAZO","Renta Fija",NA
"9033","CFMPRIPEIV","FONDO MUTUO PRINCIPAL PERMANENCIA DEUDA EXTRA LARGO PLAZO","Renta Fija",NA
"9033","CFMPRIPERG","FONDO MUTUO PRINCIPAL PERMANENCIA DEUDA EXTRA LARGO PLAZO","Renta Fija",NA
"9033","CFMPRIPERP","FONDO MUTUO PRINCIPAL PERMANENCIA DEUDA EXTRA LARGO PLAZO","Renta Fija",NA
"9033","CFMPRIPERH","FONDO MUTUO PRINCIPAL PERMANENCIA DEUDA EXTRA LARGO PLAZO","Renta Fija",NA
"9033","CFMPRIPERB","FONDO MUTUO PRINCIPAL PERMANENCIA DEUDA EXTRA LARGO PLAZO","Renta Fija",NA
"9033","CFMPRIPERK","FONDO MUTUO PRINCIPAL PERMANENCIA DEUDA EXTRA LARGO PLAZO","Renta Fija",NA
"9033","CFMPRIPEGL","FONDO MUTUO PRINCIPAL PERMANENCIA DEUDA EXTRA LARGO PLAZO","Renta Fija",NA
"8089","CFMPRIPRGO","FONDO MUTUO PRINCIPAL PROGRESION DEUDA LARGO PLAZO","Renta Fija",NA
"8089","CFMPRIPRIV","FONDO MUTUO PRINCIPAL PROGRESION DEUDA LARGO PLAZO","Renta Fija",NA
"8089","CFMPRIPRPT","FONDO MUTUO PRINCIPAL PROGRESION DEUDA LARGO PLAZO","Renta Fija",NA
"8089","CFMPRIPRGG","FONDO MUTUO PRINCIPAL PROGRESION DEUDA LARGO PLAZO","Renta Fija",NA
"8089","CFMPRIPRGL","FONDO MUTUO PRINCIPAL PROGRESION DEUDA LARGO PLAZO","Renta Fija",NA
"8089","CFMPRIPRGH","FONDO MUTUO PRINCIPAL PROGRESION DEUDA LARGO PLAZO","Renta Fija",NA
"8089","CFMPRIPRGP","FONDO MUTUO PRINCIPAL PROGRESION DEUDA LARGO PLAZO","Renta Fija",NA
"8089","CFMPRIPRGK","FONDO MUTUO PRINCIPAL PROGRESION DEUDA LARGO PLAZO","Renta Fija",NA
"8089","CFMPRIPRGB","FONDO MUTUO PRINCIPAL PROGRESION DEUDA LARGO PLAZO","Renta Fija",NA
"8113","CFMPRIUSAO","FONDO MUTUO PRINCIPAL USA EQUITY","Renta Variable",NA
"8113","CFMPRIUSAH","FONDO MUTUO PRINCIPAL USA EQUITY","Renta Variable",NA
"8113","CFMPRIUSPT","FONDO MUTUO PRINCIPAL USA EQUITY","Renta Variable",NA
"8113","CFMPRIUSAP","FONDO MUTUO PRINCIPAL USA EQUITY","Renta Variable",NA
"8113","CFMPRIUSIV","FONDO MUTUO PRINCIPAL USA EQUITY","Renta Variable",NA
"8113","CFMPRIUSAG","FONDO MUTUO PRINCIPAL USA EQUITY","Renta Variable",NA
"8113","CFMPRIUSAK","FONDO MUTUO PRINCIPAL USA EQUITY","Renta Variable",NA
"8113","CFMPRIUSAB","FONDO MUTUO PRINCIPAL USA EQUITY","Renta Variable",NA
"8113","CFMPRIUSGL","FONDO MUTUO PRINCIPAL USA EQUITY","Renta Variable",NA
"8011","CFMPRIVISO","FONDO MUTUO PRINCIPAL VISION MONEY MARKET","Money Market",NA
"8011","CFMPRIVIIV","FONDO MUTUO PRINCIPAL VISION MONEY MARKET","Money Market",NA
"8011","CFMPRIVIGL","FONDO MUTUO PRINCIPAL VISION MONEY MARKET","Money Market",NA
"8011","CFMPRIVIPT","FONDO MUTUO PRINCIPAL VISION MONEY MARKET","Money Market",NA
"8011","CFMPRIVISG","FONDO MUTUO PRINCIPAL VISION MONEY MARKET","Money Market",NA
"8011","CFMPRIVISH","FONDO MUTUO PRINCIPAL VISION MONEY MARKET","Money Market",NA
"8011","CFMPRIVISP","FONDO MUTUO PRINCIPAL VISION MONEY MARKET","Money Market",NA
"8011","CFMPRIVISB","FONDO MUTUO PRINCIPAL VISION MONEY MARKET","Money Market",NA
"8011","CFMPRIVISK","FONDO MUTUO PRINCIPAL VISION MONEY MARKET","Money Market",NA
"8011","CFMPRIVISI","FONDO MUTUO PRINCIPAL VISION MONEY MARKET","Money Market",NA
"8316","CFMESTPROA","FONDO MUTUO PROTECCION BANCOESTADO","Renta Fija",NA
"8316","CFMESTPROB","FONDO MUTUO PROTECCION BANCOESTADO","Renta Fija",NA
"8316","CFMESTPROI","FONDO MUTUO PROTECCION BANCOESTADO","Renta Fija",NA
"8316","CFMESTPROC","FONDO MUTUO PROTECCION BANCOESTADO","Renta Fija",NA
"8316","CFMESTPROF","FONDO MUTUO PROTECCION BANCOESTADO","Renta Fija",NA
"10331","CFMPRUACHA","FONDO MUTUO PRUDENTIAL ACCIONES CHILE","Sin clasificación",NA
"10332","CFMPRUAMUA","FONDO MUTUO PRUDENTIAL ACCIONES MUNDO","Sin clasificación",NA
"10330","CFMPRURINA","FONDO MUTUO PRUDENTIAL RENTA INTERNACIONAL","Sin clasificación",NA
"10329","CFMPRUREUA","FONDO MUTUO PRUDENTIAL RENTA UF","Sin clasificación",NA
"8076","CFMSTDACHE","FONDO MUTUO SANTANDER ACCIONES CHILENAS","Renta Variable",NA
"8076","CFMSTDACHU","FONDO MUTUO SANTANDER ACCIONES CHILENAS","Renta Variable",NA
"8076","CFMSTDACHI","FONDO MUTUO SANTANDER ACCIONES CHILENAS","Renta Variable",NA
"8076","CFMSTDACC3","FONDO MUTUO SANTANDER ACCIONES CHILENAS","Renta Variable",NA
"8076","CFMSTDACCG","FONDO MUTUO SANTANDER ACCIONES CHILENAS","Renta Variable",NA
"8076","CFMSTDACCI","FONDO MUTUO SANTANDER ACCIONES CHILENAS","Renta Variable",NA
"8076","CFMSTDACHM","FONDO MUTUO SANTANDER ACCIONES CHILENAS","Renta Variable",NA
"9254","CFMSTDAEU3","FONDO MUTUO SANTANDER ACCIONES EUROPA","Renta Variable",NA
"9254","CFMSTDAEAM","FONDO MUTUO SANTANDER ACCIONES EUROPA","Renta Variable",NA
"9254","CFMSTDAEUG","FONDO MUTUO SANTANDER ACCIONES EUROPA","Renta Variable",NA
"8160","CFMSTDLATB","FONDO MUTUO SANTANDER ACCIONES LATINOAMÉRICA","Renta Variable",NA
"8160","CFMSTDLATC","FONDO MUTUO SANTANDER ACCIONES LATINOAMÉRICA","Renta Variable",NA
"8160","CFMSTDLACC","FONDO MUTUO SANTANDER ACCIONES LATINOAMÉRICA","Renta Variable",NA
"8160","CFMSTDACLG","FONDO MUTUO SANTANDER ACCIONES LATINOAMÉRICA","Renta Variable",NA
"8160","CFMSTDACL3","FONDO MUTUO SANTANDER ACCIONES LATINOAMÉRICA","Renta Variable",NA
"8160","CFMSTDALAM","FONDO MUTUO SANTANDER ACCIONES LATINOAMÉRICA","Renta Variable",NA
"8372","CFMSTDASEP","FONDO MUTUO SANTANDER ACCIONES SELECTAS CHILE","Renta Variable",NA
"8372","CFMSTDASC3","FONDO MUTUO SANTANDER ACCIONES SELECTAS CHILE","Renta Variable",NA
"8372","CFMSTDASEV","FONDO MUTUO SANTANDER ACCIONES SELECTAS CHILE","Renta Variable",NA
"9222","CFMSTDAMPE","FONDO MUTUO SANTANDER AHORRO MEDIANO PLAZO","Renta Fija",NA
"9222","CFMSTDAMDI","FONDO MUTUO SANTANDER AHORRO MEDIANO PLAZO","Renta Fija",NA
"9222","CFMSTDAMPI","FONDO MUTUO SANTANDER AHORRO MEDIANO PLAZO","Renta Fija",NA
"9222","CFMSTDAMPU","FONDO MUTUO SANTANDER AHORRO MEDIANO PLAZO","Renta Fija",NA
"9222","CFMSTDAMAM","FONDO MUTUO SANTANDER AHORRO MEDIANO PLAZO","Renta Fija",NA
"9222","CFMSTDAMPG","FONDO MUTUO SANTANDER AHORRO MEDIANO PLAZO","Renta Fija",NA
"8287","CFMSTDBLHA","FONDO MUTUO SANTANDER BONOS NACIONALES","Renta Fija",NA
"8287","CFMSTDBNCO","FONDO MUTUO SANTANDER BONOS NACIONALES","Renta Fija",NA
"8287","CFMSTDBLHB","FONDO MUTUO SANTANDER BONOS NACIONALES","Renta Fija",NA
"8287","CFMSTDBLHC","FONDO MUTUO SANTANDER BONOS NACIONALES","Renta Fija",NA
"8287","CFMSTDBLHF","FONDO MUTUO SANTANDER BONOS NACIONALES","Renta Fija",NA
"8287","CFMSTDBNAG","FONDO MUTUO SANTANDER BONOS NACIONALES","Renta Fija",NA
"8287","CFMSTDBNA3","FONDO MUTUO SANTANDER BONOS NACIONALES","Renta Fija",NA
"9490","CFMSTDDDEJ","FONDO MUTUO SANTANDER DEUDA DÓLAR","Renta Fija",NA
"9490","CFMSTDDDIN","FONDO MUTUO SANTANDER DEUDA DÓLAR","Renta Fija",NA
"9490","CFMSTDDDUN","FONDO MUTUO SANTANDER DEUDA DÓLAR","Renta Fija",NA
"9490","CFMSTDDDAM","FONDO MUTUO SANTANDER DEUDA DÓLAR","Renta Fija",NA
"8906","CFMSTDSARI","FONDO MUTUO SANTANDER DEUDA LATAM","Renta Fija",NA
"8906","CFMSTDSARE","FONDO MUTUO SANTANDER DEUDA LATAM","Renta Fija",NA
"8906","CFMSTDDLA3","FONDO MUTUO SANTANDER DEUDA LATAM","Renta Fija",NA
"8906","CFMSTDSARR","FONDO MUTUO SANTANDER DEUDA LATAM","Renta Fija",NA
"8906","CFMSTDDLAG","FONDO MUTUO SANTANDER DEUDA LATAM","Renta Fija",NA
"8906","CFMSTDRALC","FONDO MUTUO SANTANDER DEUDA LATAM","Renta Fija",NA
"9352","CFMSTDDLEJ","FONDO MUTUO SANTANDER DEUDA LATAM ESG DÓLAR","Renta Fija",NA
"9352","CFMSTDDLUN","FONDO MUTUO SANTANDER DEUDA LATAM ESG DÓLAR","Renta Fija",NA
"9352","CFMSTDDLIN","FONDO MUTUO SANTANDER DEUDA LATAM ESG DÓLAR","Renta Fija",NA
"10024","CFMSTDBDAL","FONDO MUTUO SANTANDER EQUILIBRIO DÓLAR","Sin clasificación",NA
"10024","CFMSTDBDEJ","FONDO MUTUO SANTANDER EQUILIBRIO DÓLAR","Sin clasificación",NA
"10024","CFMSTDBDGL","FONDO MUTUO SANTANDER EQUILIBRIO DÓLAR","Sin clasificación",NA
"9648","CFMSTDGADI","FONDO MUTUO SANTANDER GESTIÓN ACTIVA AGRESIVA","Balanceados",NA
"9648","CFMSTDGAAE","FONDO MUTUO SANTANDER GESTIÓN ACTIVA AGRESIVA","Balanceados",NA
"9648","CFMSTDGAAP","FONDO MUTUO SANTANDER GESTIÓN ACTIVA AGRESIVA","Balanceados",NA
"9646","CFMSTDGEDI","FONDO MUTUO SANTANDER GESTIÓN ACTIVA EQUILIBRIO","Balanceados",NA
"9646","CFMSTDAEQE","FONDO MUTUO SANTANDER GESTIÓN ACTIVA EQUILIBRIO","Balanceados",NA
"9646","CFMSTDGEAP","FONDO MUTUO SANTANDER GESTIÓN ACTIVA EQUILIBRIO","Balanceados",NA
"9649","CFMSTDGPDI","FONDO MUTUO SANTANDER GESTIÓN ACTIVA PRUDENTE","Balanceados",NA
"9649","CFMSTDAPRE","FONDO MUTUO SANTANDER GESTIÓN ACTIVA PRUDENTE","Balanceados",NA
"9649","CFMSTDGAPG","FONDO MUTUO SANTANDER GESTIÓN ACTIVA PRUDENTE","Balanceados",NA
"9649","CFMSTDAPRP","FONDO MUTUO SANTANDER GESTIÓN ACTIVA PRUDENTE","Balanceados",NA
"8058","CFMSTDGEMI","FONDO MUTUO SANTANDER GO ACCIONES GLOBAL EMERGENTE","Renta Variable",NA
"8058","CFMSTDAGEU","FONDO MUTUO SANTANDER GO ACCIONES GLOBAL EMERGENTE","Renta Variable",NA
"8058","CFMSTDAGEE","FONDO MUTUO SANTANDER GO ACCIONES GLOBAL EMERGENTE","Renta Variable",NA
"8058","CFMSTDAGEI","FONDO MUTUO SANTANDER GO ACCIONES GLOBAL EMERGENTE","Renta Variable",NA
"8058","CFMSTDAGEA","FONDO MUTUO SANTANDER GO ACCIONES GLOBAL EMERGENTE","Renta Variable",NA
"8058","CFMSTDGEMG","FONDO MUTUO SANTANDER GO ACCIONES GLOBAL EMERGENTE","Renta Variable",NA
"8058","CFMSTDGEM3","FONDO MUTUO SANTANDER GO ACCIONES GLOBAL EMERGENTE","Renta Variable",NA
"8058","CFMSTDGEM2","FONDO MUTUO SANTANDER GO ACCIONES GLOBAL EMERGENTE","Renta Variable",NA
"8058","CFMSTDAGAM","FONDO MUTUO SANTANDER GO ACCIONES GLOBAL EMERGENTE","Renta Variable",NA
"8090","CFMSTDAGDI","FONDO MUTUO SANTANDER GO ACCIONES GLOBALES ESG","Renta Variable",NA
"8090","CFMSTDAGLE","FONDO MUTUO SANTANDER GO ACCIONES GLOBALES ESG","Renta Variable",NA
"8090","CFMSTDAGDA","FONDO MUTUO SANTANDER GO ACCIONES GLOBALES ESG","Renta Variable",NA
"8090","CFMSTDGDOU","FONDO MUTUO SANTANDER GO ACCIONES GLOBALES ESG","Renta Variable",NA
"8090","CFMSTDAGLI","FONDO MUTUO SANTANDER GO ACCIONES GLOBALES ESG","Renta Variable",NA
"8090","CFMSTDAGLG","FONDO MUTUO SANTANDER GO ACCIONES GLOBALES ESG","Renta Variable",NA
"8090","CFMSTDAGLD","FONDO MUTUO SANTANDER GO ACCIONES GLOBALES ESG","Renta Variable",NA
"8090","CFMSTDAGD2","FONDO MUTUO SANTANDER GO ACCIONES GLOBALES ESG","Renta Variable",NA
"8090","CFMSTDGDAM","FONDO MUTUO SANTANDER GO ACCIONES GLOBALES ESG","Renta Variable",NA
"8488","CFMSTDACUI","FONDO MUTUO SANTANDER GO ACCIONES SELECTAS USA","Renta Variable",NA
"8488","CFMSTDAUSE","FONDO MUTUO SANTANDER GO ACCIONES SELECTAS USA","Renta Variable",NA
"8488","CFMSTDAUSU","FONDO MUTUO SANTANDER GO ACCIONES SELECTAS USA","Renta Variable",NA
"8488","CFMSTDUSAP","FONDO MUTUO SANTANDER GO ACCIONES SELECTAS USA","Renta Variable",NA
"8488","CFMSTDAUSI","FONDO MUTUO SANTANDER GO ACCIONES SELECTAS USA","Renta Variable",NA
"8488","CFMSTDACU3","FONDO MUTUO SANTANDER GO ACCIONES SELECTAS USA","Renta Variable",NA
"8488","CFMSTDACUG","FONDO MUTUO SANTANDER GO ACCIONES SELECTAS USA","Renta Variable",NA
"8488","CFMSTDACU2","FONDO MUTUO SANTANDER GO ACCIONES SELECTAS USA","Renta Variable",NA
"8488","CFMSTDUSAA","FONDO MUTUO SANTANDER GO ACCIONES SELECTAS USA","Renta Variable",NA
"8057","CFMSTDMMKC","FONDO MUTUO SANTANDER MONEY MARKET","Money Market",NA
"8057","CFMSTDMMKB","FONDO MUTUO SANTANDER MONEY MARKET","Money Market",NA
"8057","CFMSTDMOMP","FONDO MUTUO SANTANDER MONEY MARKET","Money Market",NA
"8057","CFMSTDMMCO","FONDO MUTUO SANTANDER MONEY MARKET","Money Market",NA
"8057","CFMSTDMMKT","FONDO MUTUO SANTANDER MONEY MARKET","Money Market",NA
"8057","CFMSTDMMAM","FONDO MUTUO SANTANDER MONEY MARKET","Money Market",NA
"8057","CFMSTDMMKG","FONDO MUTUO SANTANDER MONEY MARKET","Money Market",NA
"8230","CFMSTDMMDA","FONDO MUTUO SANTANDER MONEY MARKET DOLAR","Money Market",NA
"8230","CFMSTDMDAL","FONDO MUTUO SANTANDER MONEY MARKET DOLAR","Money Market",NA
"8908","CFMSTDBAGE","FONDO MUTUO SANTANDER PRIVATE BANKING AGRESIVO","Balanceados",NA
"8908","CFMSTDPKAA","FONDO MUTUO SANTANDER PRIVATE BANKING AGRESIVO","Balanceados",NA
"8908","CFMSTDPBAG","FONDO MUTUO SANTANDER PRIVATE BANKING AGRESIVO","Balanceados",NA
"8911","CFMSTDPKMA","FONDO MUTUO SANTANDER PRIVATE BANKING EQUILIBRIO","Balanceados",NA
"8911","CFMSTDBMOE","FONDO MUTUO SANTANDER PRIVATE BANKING EQUILIBRIO","Balanceados",NA
"8911","CFMSTDPBMG","FONDO MUTUO SANTANDER PRIVATE BANKING EQUILIBRIO","Balanceados",NA
"8910","CFMSTDBCOE","FONDO MUTUO SANTANDER PRIVATE BANKING PRUDENTE","Balanceados",NA
"8910","CFMSTDPKCA","FONDO MUTUO SANTANDER PRIVATE BANKING PRUDENTE","Balanceados",NA
"8910","CFMSTDPBCG","FONDO MUTUO SANTANDER PRIVATE BANKING PRUDENTE","Balanceados",NA
"8615","CFMSTDRCDI","FONDO MUTUO SANTANDER RENTA CORTO PLAZO","Money Market",NA
"8615","CFMSTDCPLR","FONDO MUTUO SANTANDER RENTA CORTO PLAZO","Money Market",NA
"8615","CFMSTDCPLE","FONDO MUTUO SANTANDER RENTA CORTO PLAZO","Money Market",NA
"8615","CFMSTDCPLN","FONDO MUTUO SANTANDER RENTA CORTO PLAZO","Money Market",NA
"8615","CFMSTDRCPG","FONDO MUTUO SANTANDER RENTA CORTO PLAZO","Money Market",NA
"8387","CFMSTDGPRB","FONDO MUTUO SANTANDER RENTA EXTRA LARGO PLAZO UF","Balanceados",NA
"8387","CFMSTDEAPA","FONDO MUTUO SANTANDER RENTA EXTRA LARGO PLAZO UF","Balanceados",NA
"8387","CFMSTDGPRU","FONDO MUTUO SANTANDER RENTA EXTRA LARGO PLAZO UF","Balanceados",NA
"8387","CFMSTDGPRR","FONDO MUTUO SANTANDER RENTA EXTRA LARGO PLAZO UF","Balanceados",NA
"8387","CFMSTDSTE3","FONDO MUTUO SANTANDER RENTA EXTRA LARGO PLAZO UF","Balanceados",NA
"8387","CFMSTDSTE2","FONDO MUTUO SANTANDER RENTA EXTRA LARGO PLAZO UF","Balanceados",NA
"8082","CFMSTDSADR","FONDO MUTUO SANTANDER RENTA LARGO PLAZO PESOS","Renta Fija",NA
"8082","CFMSTDLPAM","FONDO MUTUO SANTANDER RENTA LARGO PLAZO PESOS","Renta Fija",NA
"8082","CFMSTDRTBL","FONDO MUTUO SANTANDER RENTA LARGO PLAZO PESOS","Renta Fija",NA
"8082","CFMSTDRLPE","FONDO MUTUO SANTANDER RENTA LARGO PLAZO PESOS","Renta Fija",NA
"8082","CFMSTDRLAI","FONDO MUTUO SANTANDER RENTA LARGO PLAZO PESOS","Renta Fija",NA
"8082","CFMSTDRLA3","FONDO MUTUO SANTANDER RENTA LARGO PLAZO PESOS","Renta Fija",NA
"8082","CFMSTDRLAG","FONDO MUTUO SANTANDER RENTA LARGO PLAZO PESOS","Renta Fija",NA
"8077","CFMSTDRUAM","FONDO MUTUO SANTANDER RENTA LARGO PLAZO UF","Renta Fija",NA
"8077","CFMSTDHDPS","FONDO MUTUO SANTANDER RENTA LARGO PLAZO UF","Renta Fija",NA
"8077","CFMSTDHDPB","FONDO MUTUO SANTANDER RENTA LARGO PLAZO UF","Renta Fija",NA
"8077","CFMSTDHDPC","FONDO MUTUO SANTANDER RENTA LARGO PLAZO UF","Renta Fija",NA
"8077","CFMSTDRLUI","FONDO MUTUO SANTANDER RENTA LARGO PLAZO UF","Renta Fija",NA
"8077","CFMSTDRLU3","FONDO MUTUO SANTANDER RENTA LARGO PLAZO UF","Renta Fija",NA
"8077","CFMSTDRLUG","FONDO MUTUO SANTANDER RENTA LARGO PLAZO UF","Renta Fija",NA
"8077","CFMSTDRLU2","FONDO MUTUO SANTANDER RENTA LARGO PLAZO UF","Renta Fija",NA
"8077","CFMSTDRUCO","FONDO MUTUO SANTANDER RENTA LARGO PLAZO UF","Renta Fija",NA
"8280","CFMSTDSESR","FONDO MUTUO SANTANDER RENTA MEDIANO PLAZO","Renta Fija",NA
"8280","CFMSTDRMEE","FONDO MUTUO SANTANDER RENTA MEDIANO PLAZO","Renta Fija",NA
"8280","CFMSTDSUIN","FONDO MUTUO SANTANDER RENTA MEDIANO PLAZO","Renta Fija",NA
"8280","CFMSTDRMCO","FONDO MUTUO SANTANDER RENTA MEDIANO PLAZO","Renta Fija",NA
"8280","CFMSTDRMAM","FONDO MUTUO SANTANDER RENTA MEDIANO PLAZO","Renta Fija",NA
"8280","CFMSTDRMEG","FONDO MUTUO SANTANDER RENTA MEDIANO PLAZO","Renta Fija",NA
"9034","CFMSTDRSGL","FONDO MUTUO SANTANDER RENTA SELECTA CHILE","Renta Fija",NA
"9034","CFMSTDRSCO","FONDO MUTUO SANTANDER RENTA SELECTA CHILE","Renta Fija",NA
"9034","CFMSTDRSPA","FONDO MUTUO SANTANDER RENTA SELECTA CHILE","Renta Fija",NA
"9034","CFMSTDRSAM","FONDO MUTUO SANTANDER RENTA SELECTA CHILE","Renta Fija",NA
"9034","CFMSTDRSEG","FONDO MUTUO SANTANDER RENTA SELECTA CHILE","Renta Fija",NA
"9034","CFMSTDRSE3","FONDO MUTUO SANTANDER RENTA SELECTA CHILE","Renta Fija",NA
"8209","CFMSTDTSRC","FONDO MUTUO SANTANDER TESORERIA","Money Market",NA
"8209","CFMSTDTSRA","FONDO MUTUO SANTANDER TESORERIA","Money Market",NA
"8209","CFMSTDTSRI","FONDO MUTUO SANTANDER TESORERIA","Money Market",NA
"8209","CFMSTDTSAM","FONDO MUTUO SANTANDER TESORERIA","Money Market",NA
"8289","CFMBNSACCL","FONDO MUTUO SCOTIA ACCIONES CHILE","Renta Variable",NA
"8289","CFMBNSACWH","FONDO MUTUO SCOTIA ACCIONES CHILE","Renta Variable",NA
"8289","CFMBNSACWB","FONDO MUTUO SCOTIA ACCIONES CHILE","Renta Variable",NA
"8289","CFMBNSACPA","FONDO MUTUO SCOTIA ACCIONES CHILE","Renta Variable",NA
"8289","CFMBNSACAS","FONDO MUTUO SCOTIA ACCIONES CHILE","Renta Variable",NA
"8289","CFMBNSACCO","FONDO MUTUO SCOTIA ACCIONES CHILE","Renta Variable",NA
"8857","CFMBNSCMCL","FONDO MUTUO SCOTIA ACCIONES CHILE MID CAP","Renta Variable",NA
"8857","CFMBNSCMWB","FONDO MUTUO SCOTIA ACCIONES CHILE MID CAP","Renta Variable",NA
"8857","CFMBNSCMAP","FONDO MUTUO SCOTIA ACCIONES CHILE MID CAP","Renta Variable",NA
"8480","CFMBNSAUWE","FONDO MUTUO SCOTIA ACCIONES USA","Renta Variable",NA
"8480","CFMBNSAUCL","FONDO MUTUO SCOTIA ACCIONES USA","Renta Variable",NA
"8480","CFMBNSAUWB","FONDO MUTUO SCOTIA ACCIONES USA","Renta Variable",NA
"8480","CFMBNSAUAP","FONDO MUTUO SCOTIA ACCIONES USA","Renta Variable",NA
"9021","CFMBNSDCHH","FONDO MUTUO SCOTIA DEUDA CHILE FLEXIBLE","Renta Fija",NA
"9021","CFMBNSDCHC","FONDO MUTUO SCOTIA DEUDA CHILE FLEXIBLE","Renta Fija",NA
"9021","CFMBNSDCHP","FONDO MUTUO SCOTIA DEUDA CHILE FLEXIBLE","Renta Fija",NA
"9021","CFMBNSDCHW","FONDO MUTUO SCOTIA DEUDA CHILE FLEXIBLE","Renta Fija",NA
"8991","CFMBNSDCWE","FONDO MUTUO SCOTIA DEUDA CORTO PLAZO UF","Renta Fija",NA
"8991","CFMBNSDCWB","FONDO MUTUO SCOTIA DEUDA CORTO PLAZO UF","Renta Fija",NA
"8991","CFMBNSDCCL","FONDO MUTUO SCOTIA DEUDA CORTO PLAZO UF","Renta Fija",NA
"8991","CFMBNSDCAP","FONDO MUTUO SCOTIA DEUDA CORTO PLAZO UF","Renta Fija",NA
"9154","CFMBNSDLPH","FONDO MUTUO SCOTIA DEUDA LARGO PLAZO UF","Renta Fija",NA
"9154","CFMBNSDLPW","FONDO MUTUO SCOTIA DEUDA LARGO PLAZO UF","Renta Fija",NA
"9154","CFMBNSDLPC","FONDO MUTUO SCOTIA DEUDA LARGO PLAZO UF","Renta Fija",NA
"9154","CFMBNSDLPP","FONDO MUTUO SCOTIA DEUDA LARGO PLAZO UF","Renta Fija",NA
"9154","CFMBNSDLPV","FONDO MUTUO SCOTIA DEUDA LARGO PLAZO UF","Renta Fija",NA
"8244","CFMBNSDLCL","FONDO MUTUO SCOTIA DEUDA LATAM DOLAR","Renta Fija",NA
"8244","CFMBNSDLAP","FONDO MUTUO SCOTIA DEUDA LATAM DOLAR","Renta Fija",NA
"8292","CFMBNSDMWB","FONDO MUTUO SCOTIA DEUDA MEDIANO PLAZO","Renta Fija",NA
"8292","CFMBNSDMWH","FONDO MUTUO SCOTIA DEUDA MEDIANO PLAZO","Renta Fija",NA
"8292","CFMBNSDMCL","FONDO MUTUO SCOTIA DEUDA MEDIANO PLAZO","Renta Fija",NA
"8292","CFMBNSDMAP","FONDO MUTUO SCOTIA DEUDA MEDIANO PLAZO","Renta Fija",NA
"8106","CFMBNSDMUH","FONDO MUTUO SCOTIA DEUDA MEDIANO PLAZO UF","Renta Fija",NA
"8106","CFMBNSDMUW","FONDO MUTUO SCOTIA DEUDA MEDIANO PLAZO UF","Renta Fija",NA
"8106","CFMBNSDMUC","FONDO MUTUO SCOTIA DEUDA MEDIANO PLAZO UF","Renta Fija",NA
"8106","CFMBNSDMUP","FONDO MUTUO SCOTIA DEUDA MEDIANO PLAZO UF","Renta Fija",NA
"8187","CFMBNSSLCL","FONDO MUTUO SCOTIA LIQUIDEZ","Money Market",NA
"8187","CFMBNSSLWB","FONDO MUTUO SCOTIA LIQUIDEZ","Money Market",NA
"8187","CFMBNSSLWE","FONDO MUTUO SCOTIA LIQUIDEZ","Money Market",NA
"8187","CFMBNSSLAP","FONDO MUTUO SCOTIA LIQUIDEZ","Money Market",NA
"8187","CFMBNSSLAS","FONDO MUTUO SCOTIA LIQUIDEZ","Money Market",NA
"8049","CFMBNSMMII","FONDO MUTUO SCOTIA MONEY MARKET","Money Market",NA
"8049","CFMBNSMMLA","FONDO MUTUO SCOTIA MONEY MARKET","Money Market",NA
"8049","CFMBNSCLIB","FONDO MUTUO SCOTIA MONEY MARKET","Money Market",NA
"8049","CFMBNSMMSM","FONDO MUTUO SCOTIA MONEY MARKET","Money Market",NA
"8049","CFMBNSCLAF","FONDO MUTUO SCOTIA MONEY MARKET","Money Market",NA
"8238","CFMBNSMMDI","FONDO MUTUO SCOTIA MONEY MARKET DOLAR","Money Market",NA
"8238","CFMBNSMMDL","FONDO MUTUO SCOTIA MONEY MARKET DOLAR","Money Market",NA
"8238","CFMBNSDOLA","FONDO MUTUO SCOTIA MONEY MARKET DOLAR","Money Market",NA
"8238","CFMBNSMMDM","FONDO MUTUO SCOTIA MONEY MARKET DOLAR","Money Market",NA
"8116","CFMBBVPAWE","FONDO MUTUO SCOTIA PORTAFOLIO ARRIESGADO","Balanceados",NA
"8116","CFMBBVPATH","FONDO MUTUO SCOTIA PORTAFOLIO ARRIESGADO","Balanceados",NA
"8116","CFMBBVPAAP","FONDO MUTUO SCOTIA PORTAFOLIO ARRIESGADO","Balanceados",NA
"8116","CFMBBVPACL","FONDO MUTUO SCOTIA PORTAFOLIO ARRIESGADO","Balanceados",NA
"8116","CFMBBVPAAH","FONDO MUTUO SCOTIA PORTAFOLIO ARRIESGADO","Balanceados",NA
"8886","CFMBBVPCWH","FONDO MUTUO SCOTIA PORTAFOLIO CONSERVADOR","Renta Fija",NA
"8886","CFMBBVPCWE","FONDO MUTUO SCOTIA PORTAFOLIO CONSERVADOR","Renta Fija",NA
"8886","CFMBBVPCCL","FONDO MUTUO SCOTIA PORTAFOLIO CONSERVADOR","Renta Fija",NA
"8886","CFMBBVPCAP","FONDO MUTUO SCOTIA PORTAFOLIO CONSERVADOR","Renta Fija",NA
"8886","CFMBBVPCAS","FONDO MUTUO SCOTIA PORTAFOLIO CONSERVADOR","Renta Fija",NA
"8740","CFMBBVPMAE","FONDO MUTUO SCOTIA PORTAFOLIO MAS ARRIESGADO","Balanceados",NA
"8740","CFMBBVPMAW","FONDO MUTUO SCOTIA PORTAFOLIO MAS ARRIESGADO","Balanceados",NA
"8740","CFMBBVPMAC","FONDO MUTUO SCOTIA PORTAFOLIO MAS ARRIESGADO","Balanceados",NA
"8740","CFMBBVPMAP","FONDO MUTUO SCOTIA PORTAFOLIO MAS ARRIESGADO","Balanceados",NA
"8740","CFMBBVPMAH","FONDO MUTUO SCOTIA PORTAFOLIO MAS ARRIESGADO","Balanceados",NA
"8304","CFMBNSPMCC","FONDO MUTUO SCOTIA PORTAFOLIO MAS CONSERVADOR","Renta Fija",NA
"8304","CFMBNSPMCW","FONDO MUTUO SCOTIA PORTAFOLIO MAS CONSERVADOR","Renta Fija",NA
"8304","CFMBNSPMCH","FONDO MUTUO SCOTIA PORTAFOLIO MAS CONSERVADOR","Renta Fija",NA
"8304","CFMBNSPMCP","FONDO MUTUO SCOTIA PORTAFOLIO MAS CONSERVADOR","Renta Fija",NA
"8304","CFMBNSPMCS","FONDO MUTUO SCOTIA PORTAFOLIO MAS CONSERVADOR","Renta Fija",NA
"8741","CFMBNSPMWB","FONDO MUTUO SCOTIA PORTAFOLIO MODERADO","Balanceados",NA
"8741","CFMBNSPMCL","FONDO MUTUO SCOTIA PORTAFOLIO MODERADO","Balanceados",NA
"8741","CFMBNSPMWE","FONDO MUTUO SCOTIA PORTAFOLIO MODERADO","Balanceados",NA
"8741","CFMBNSPMAP","FONDO MUTUO SCOTIA PORTAFOLIO MODERADO","Balanceados",NA
"8741","CFMBNSPMVI","FONDO MUTUO SCOTIA PORTAFOLIO MODERADO","Balanceados",NA
"8741","CFMBNSPMVV","FONDO MUTUO SCOTIA PORTAFOLIO MODERADO","Balanceados",NA
"8741","CFMBNSPMAS","FONDO MUTUO SCOTIA PORTAFOLIO MODERADO","Balanceados",NA
"8604","CFMBNSREWE","FONDO MUTUO SCOTIA REAL ESTATE GLOBAL","Renta Variable",NA
"8604","CFMBNSRECL","FONDO MUTUO SCOTIA REAL ESTATE GLOBAL","Renta Variable",NA
"8604","CFMBNSREWB","FONDO MUTUO SCOTIA REAL ESTATE GLOBAL","Renta Variable",NA
"8604","CFMBNSREAP","FONDO MUTUO SCOTIA REAL ESTATE GLOBAL","Renta Variable",NA
"8484","CFMBNSAEWH","FONDO MUTUO SCOTIA RENTA VARIABLE EUROPA","Renta Variable",NA
"8484","CFMBNSAECL","FONDO MUTUO SCOTIA RENTA VARIABLE EUROPA","Renta Variable",NA
"8484","CFMBNSAEWB","FONDO MUTUO SCOTIA RENTA VARIABLE EUROPA","Renta Variable",NA
"8484","CFMBNSAEAP","FONDO MUTUO SCOTIA RENTA VARIABLE EUROPA","Renta Variable",NA
"8822","CFMBNSASCL","FONDO MUTUO SCOTIA RENTA VARIABLE GLOBAL","Renta Variable",NA
"8822","CFMBNSASWH","FONDO MUTUO SCOTIA RENTA VARIABLE GLOBAL","Renta Variable",NA
"8822","CFMBNSASWB","FONDO MUTUO SCOTIA RENTA VARIABLE GLOBAL","Renta Variable",NA
"8822","CFMBNSASAP","FONDO MUTUO SCOTIA RENTA VARIABLE GLOBAL","Renta Variable",NA
"8482","CFMBBVRVLE","FONDO MUTUO SCOTIA RENTA VARIABLE LATAM","Renta Variable",NA
"8482","CFMBBVRVLW","FONDO MUTUO SCOTIA RENTA VARIABLE LATAM","Renta Variable",NA
"8482","CFMBBVRVLC","FONDO MUTUO SCOTIA RENTA VARIABLE LATAM","Renta Variable",NA
"8482","CFMBBVRVLP","FONDO MUTUO SCOTIA RENTA VARIABLE LATAM","Renta Variable",NA
"8367","CFMBNSRDCL","FONDO MUTUO SCOTIA RETAIL DÓLAR","Money Market",NA
"8367","CFMBNSRDWE","FONDO MUTUO SCOTIA RETAIL DÓLAR","Money Market",NA
"8367","CFMBNSRDAP","FONDO MUTUO SCOTIA RETAIL DÓLAR","Money Market",NA
"8987","CFMSECIFUA","FONDO MUTUO SECURITY ACCIONES EEUU","Renta Variable",NA
"8987","CFMSECIFUB","FONDO MUTUO SECURITY ACCIONES EEUU","Renta Variable",NA
"8987","CFMSECIFUJ","FONDO MUTUO SECURITY ACCIONES EEUU","Renta Variable",NA
"8987","CFMSECIFUH","FONDO MUTUO SECURITY ACCIONES EEUU","Renta Variable",NA
"8987","CFMSECIFUS","FONDO MUTUO SECURITY ACCIONES EEUU","Renta Variable",NA
"8435","CFMSECRETJ","FONDO MUTUO SECURITY AGRESIVO ESTRATÉGICO","Balanceados",NA
"8435","CFMSECRETS","FONDO MUTUO SECURITY AGRESIVO ESTRATÉGICO","Balanceados",NA
"8435","CFMSECRETA","FONDO MUTUO SECURITY AGRESIVO ESTRATÉGICO","Balanceados",NA
"8435","CFMSECRETB","FONDO MUTUO SECURITY AGRESIVO ESTRATÉGICO","Balanceados",NA
"8435","CFMSECRETH","FONDO MUTUO SECURITY AGRESIVO ESTRATÉGICO","Balanceados",NA
"8820","CFMSECAEMS","FONDO MUTUO SECURITY ASIA EMERGENTE","Renta Variable",NA
"8820","CFMSECAEMA","FONDO MUTUO SECURITY ASIA EMERGENTE","Renta Variable",NA
"8820","CFMSECAEMJ","FONDO MUTUO SECURITY ASIA EMERGENTE","Renta Variable",NA
"8820","CFMSECASEB","FONDO MUTUO SECURITY ASIA EMERGENTE","Renta Variable",NA
"8820","CFMSECAEMH","FONDO MUTUO SECURITY ASIA EMERGENTE","Renta Variable",NA
"8336","CFMSECEQUJ","FONDO MUTUO SECURITY BALANCEADO ESTRATÉGICO","Balanceados",NA
"8336","CFMSECEQUA","FONDO MUTUO SECURITY BALANCEADO ESTRATÉGICO","Balanceados",NA
"8336","CFMSECEQUB","FONDO MUTUO SECURITY BALANCEADO ESTRATÉGICO","Balanceados",NA
"8336","CFMSECEQUS","FONDO MUTUO SECURITY BALANCEADO ESTRATÉGICO","Balanceados",NA
"8336","CFMSECEQUH","FONDO MUTUO SECURITY BALANCEADO ESTRATÉGICO","Balanceados",NA
"8306","CFMSECPROS","FONDO MUTUO SECURITY CONSERVADOR ESTRATÉGICO","Balanceados",NA
"8306","CFMSECPROA","FONDO MUTUO SECURITY CONSERVADOR ESTRATÉGICO","Balanceados",NA
"8306","CFMSECPROJ","FONDO MUTUO SECURITY CONSERVADOR ESTRATÉGICO","Balanceados",NA
"8306","CFMSECPROB","FONDO MUTUO SECURITY CONSERVADOR ESTRATÉGICO","Balanceados",NA
"8306","CFMSECPROH","FONDO MUTUO SECURITY CONSERVADOR ESTRATÉGICO","Balanceados",NA
"8940","CFMSECDCLA","FONDO MUTUO SECURITY DEUDA CORPORATIVA LATINOAMERICANA","Renta Fija",NA
"8940","CFMSECDVAB","FONDO MUTUO SECURITY DEUDA CORPORATIVA LATINOAMERICANA","Renta Fija",NA
"8940","CFMSECDCLS","FONDO MUTUO SECURITY DEUDA CORPORATIVA LATINOAMERICANA","Renta Fija",NA
"8940","CFMSECDCLJ","FONDO MUTUO SECURITY DEUDA CORPORATIVA LATINOAMERICANA","Renta Fija",NA
"8940","CFMSECDCLH","FONDO MUTUO SECURITY DEUDA CORPORATIVA LATINOAMERICANA","Renta Fija",NA
"9655","CFMSECDEIF","FONDO MUTUO SECURITY DEUDA INTERNACIONAL","Renta Fija",NA
"9655","CFMSECDEIA","FONDO MUTUO SECURITY DEUDA INTERNACIONAL","Renta Fija",NA
"9655","CFMSECDEIB","FONDO MUTUO SECURITY DEUDA INTERNACIONAL","Renta Fija",NA
"8384","CFMSECDMMA","FONDO MUTUO SECURITY DOLAR MONEY MARKET","Renta Fija",NA
"8384","CFMSECDMMC","FONDO MUTUO SECURITY DOLAR MONEY MARKET","Renta Fija",NA
"8384","CFMSECDMMS","FONDO MUTUO SECURITY DOLAR MONEY MARKET","Renta Fija",NA
"8384","CFMSECDMMB","FONDO MUTUO SECURITY DOLAR MONEY MARKET","Renta Fija",NA
"8055","CFMSECFIRA","FONDO MUTUO SECURITY FIRST","Renta Fija",NA
"8055","CFMSECFSTB","FONDO MUTUO SECURITY FIRST","Renta Fija",NA
"8055","CFMSECFISS","FONDO MUTUO SECURITY FIRST","Renta Fija",NA
"8118","CFMSECGLDA","FONDO MUTUO SECURITY GOLD","Renta Fija",NA
"8118","CFMSECGLDB","FONDO MUTUO SECURITY GOLD","Renta Fija",NA
"8118","CFMSECGLDJ","FONDO MUTUO SECURITY GOLD","Renta Fija",NA
"8118","CFMSECGLDS","FONDO MUTUO SECURITY GOLD","Renta Fija",NA
"8118","CFMSECGLDH","FONDO MUTUO SECURITY GOLD","Renta Fija",NA
"8912","CFMSECIFCS","FONDO MUTUO SECURITY INDEX FUND S&P/CLX IPSA","Renta Variable",NA
"8912","CFMSECIFCA","FONDO MUTUO SECURITY INDEX FUND S&P/CLX IPSA","Renta Variable",NA
"8912","CFMSECIFCB","FONDO MUTUO SECURITY INDEX FUND S&P/CLX IPSA","Renta Variable",NA
"8912","CFMSECIFCD","FONDO MUTUO SECURITY INDEX FUND S&P/CLX IPSA","Renta Variable",NA
"8881","CFMSECMTMS","FONDO MUTUO SECURITY MID TERM","Renta Fija",NA
"8881","CFMSECMRMA","FONDO MUTUO SECURITY MID TERM","Renta Fija",NA
"8881","CFMSECMRMB","FONDO MUTUO SECURITY MID TERM","Renta Fija",NA
"8881","CFMSECMTMH","FONDO MUTUO SECURITY MID TERM","Renta Fija",NA
"8881","CFMSECMTMJ","FONDO MUTUO SECURITY MID TERM","Renta Fija",NA
"9712","CFMSECMTGA","FONDO MUTUO SECURITY MID TERM GLOBAL","Renta Fija",NA
"9712","CFMSECMTGF","FONDO MUTUO SECURITY MID TERM GLOBAL","Renta Fija",NA
"9712","CFMSECMTGB","FONDO MUTUO SECURITY MID TERM GLOBAL","Renta Fija",NA
"9712","CFMSECMTGS","FONDO MUTUO SECURITY MID TERM GLOBAL","Renta Fija",NA
"8986","CFMSECRDCA","FONDO MUTUO SECURITY MID TERM UF","Renta Fija",NA
"8986","CFMSECRDCB","FONDO MUTUO SECURITY MID TERM UF","Renta Fija",NA
"8986","CFMSECMTUH","FONDO MUTUO SECURITY MID TERM UF","Renta Fija",NA
"8986","CFMSECMTUS","FONDO MUTUO SECURITY MID TERM UF","Renta Fija",NA
"8253","CFMSECPLUA","FONDO MUTUO SECURITY PLUS","Renta Fija",NA
"8253","CFMSECPLUE","FONDO MUTUO SECURITY PLUS","Renta Fija",NA
"8253","CFMSECPLUD","FONDO MUTUO SECURITY PLUS","Renta Fija",NA
"8253","CFMSECPLUC","FONDO MUTUO SECURITY PLUS","Renta Fija",NA
"8253","CFMSECPLUB","FONDO MUTUO SECURITY PLUS","Renta Fija",NA
"8253","CFMSECPLUI","FONDO MUTUO SECURITY PLUS","Renta Fija",NA
"8253","CFMSECPLUS","FONDO MUTUO SECURITY PLUS","Renta Fija",NA
"8795","CFMSECSCLS","FONDO MUTUO SECURITY latam","Renta Variable",NA
"8795","CFMSECLATJ","FONDO MUTUO SECURITY latam","Renta Variable",NA
"8795","CFMSECLATA","FONDO MUTUO SECURITY latam","Renta Variable",NA
"8795","CFMSECLATI","FONDO MUTUO SECURITY latam","Renta Variable",NA
"8795","CFMSECLATB","FONDO MUTUO SECURITY latam","Renta Variable",NA
"8795","CFMSECLATH","FONDO MUTUO SECURITY latam","Renta Variable",NA
"8319","CFMESTSLVA","FONDO MUTUO SOLVENTE BANCOESTADO","Money Market",NA
"8319","CFMESTSLVB","FONDO MUTUO SOLVENTE BANCOESTADO","Money Market",NA
"8319","CFMESTSLVC","FONDO MUTUO SOLVENTE BANCOESTADO","Money Market",NA
"8319","CFMESTASOF","FONDO MUTUO SOLVENTE BANCOESTADO","Money Market",NA
"8319","CFMESTSLVI","FONDO MUTUO SOLVENTE BANCOESTADO","Money Market",NA
"10282","CFMSUMMUSA","FONDO MUTUO SURA MONEY MARKET DÓLAR","Sin clasificación",NA
"10282","CFMSUMMUSF","FONDO MUTUO SURA MONEY MARKET DÓLAR","Sin clasificación",NA
"10282","CFMSUMUSSU","FONDO MUTUO SURA MONEY MARKET DÓLAR","Sin clasificación",NA
"9473","CFMSURAMAH","FONDO MUTUO SURA MULTIACTIVO AGRESIVO","Balanceados",NA
"9473","CFMSURAMAF","FONDO MUTUO SURA MULTIACTIVO AGRESIVO","Balanceados",NA
"9473","CFMSURAMAC","FONDO MUTUO SURA MULTIACTIVO AGRESIVO","Balanceados",NA
"9473","CFMSURAMAA","FONDO MUTUO SURA MULTIACTIVO AGRESIVO","Balanceados",NA
"9473","CFMSURAMAI","FONDO MUTUO SURA MULTIACTIVO AGRESIVO","Balanceados",NA
"9474","CFMSURAMMF","FONDO MUTUO SURA MULTIACTIVO MODERADO","Balanceados",NA
"9474","CFMSURAMMA","FONDO MUTUO SURA MULTIACTIVO MODERADO","Balanceados",NA
"9474","CFMSURAMMC","FONDO MUTUO SURA MULTIACTIVO MODERADO","Balanceados",NA
"9474","CFMSURAMMH","FONDO MUTUO SURA MULTIACTIVO MODERADO","Balanceados",NA
"9474","CFMSURAMMI","FONDO MUTUO SURA MULTIACTIVO MODERADO","Balanceados",NA
"8773","CFMSURECOF","FONDO MUTUO SURA MULTIACTIVO PRUDENTE","Balanceados",NA
"8773","CFMSURECOA","FONDO MUTUO SURA MULTIACTIVO PRUDENTE","Balanceados",NA
"8773","CFMSURECOI","FONDO MUTUO SURA MULTIACTIVO PRUDENTE","Balanceados",NA
"8773","CFMSURECOC","FONDO MUTUO SURA MULTIACTIVO PRUDENTE","Balanceados",NA
"8773","CFMSURECOH","FONDO MUTUO SURA MULTIACTIVO PRUDENTE","Balanceados",NA
"8676","CFMSURRBCF","FONDO MUTUO SURA RENTA BONOS CHILE","Renta Fija",NA
"8676","CFMSURARBS","FONDO MUTUO SURA RENTA BONOS CHILE","Renta Fija",NA
"8676","CFMSURRBCA","FONDO MUTUO SURA RENTA BONOS CHILE","Renta Fija",NA
"8676","CFMSURRBCH","FONDO MUTUO SURA RENTA BONOS CHILE","Renta Fija",NA
"8676","CFMSURRBCC","FONDO MUTUO SURA RENTA BONOS CHILE","Renta Fija",NA
"8676","CFMSURRBCI","FONDO MUTUO SURA RENTA BONOS CHILE","Renta Fija",NA
"8956","CFMSURCLPC","FONDO MUTUO SURA RENTA CORPORATIVA LARGO PLAZO","Renta Fija",NA
"8956","CFMSURCLPI","FONDO MUTUO SURA RENTA CORPORATIVA LARGO PLAZO","Renta Fija",NA
"8956","CFMSURCLPA","FONDO MUTUO SURA RENTA CORPORATIVA LARGO PLAZO","Renta Fija",NA
"8956","CFMSURCLPH","FONDO MUTUO SURA RENTA CORPORATIVA LARGO PLAZO","Renta Fija",NA
"8956","CFMSURCLPF","FONDO MUTUO SURA RENTA CORPORATIVA LARGO PLAZO","Renta Fija",NA
"8956","CFMSURRVAS","FONDO MUTUO SURA RENTA CORPORATIVA LARGO PLAZO","Renta Fija",NA
"9106","CFMSURCPLA","FONDO MUTUO SURA RENTA CORTO PLAZO CHILE","Renta Fija",NA
"9106","CFMSURRCPS","FONDO MUTUO SURA RENTA CORTO PLAZO CHILE","Renta Fija",NA
"9106","CFMSURCPLC","FONDO MUTUO SURA RENTA CORTO PLAZO CHILE","Renta Fija",NA
"9106","CFMSURCPLF","FONDO MUTUO SURA RENTA CORTO PLAZO CHILE","Renta Fija",NA
"9106","CFMSURCPLH","FONDO MUTUO SURA RENTA CORTO PLAZO CHILE","Renta Fija",NA
"9106","CFMSURCPLI","FONDO MUTUO SURA RENTA CORTO PLAZO CHILE","Renta Fija",NA
"10261","CFMSRCPUSA","FONDO MUTUO SURA RENTA CORTO PLAZO UF CHILE","Sin clasificación",NA
"10261","CFMSRCPUSF","FONDO MUTUO SURA RENTA CORTO PLAZO UF CHILE","Sin clasificación",NA
"10261","CFMSRCPUSI","FONDO MUTUO SURA RENTA CORTO PLAZO UF CHILE","Sin clasificación",NA
"10261","CFMSRCPUSC","FONDO MUTUO SURA RENTA CORTO PLAZO UF CHILE","Sin clasificación",NA
"10261","CFMSRCPUSH","FONDO MUTUO SURA RENTA CORTO PLAZO UF CHILE","Sin clasificación",NA
"8678","CFMSURRDCA","FONDO MUTUO SURA RENTA DEPOSITO CHILE","Money Market",NA
"8678","CFMSRDCAFP","FONDO MUTUO SURA RENTA DEPOSITO CHILE","Money Market",NA
"8678","CFMSURRDCC","FONDO MUTUO SURA RENTA DEPOSITO CHILE","Money Market",NA
"8678","CFMSURRDCF","FONDO MUTUO SURA RENTA DEPOSITO CHILE","Money Market",NA
"8678","CFMSURRDCI","FONDO MUTUO SURA RENTA DEPOSITO CHILE","Money Market",NA
"8678","CFMSURRDCS","FONDO MUTUO SURA RENTA DEPOSITO CHILE","Money Market",NA
"8678","CFMSURRDCH","FONDO MUTUO SURA RENTA DEPOSITO CHILE","Money Market",NA
"9084","CFMSURRLUS","FONDO MUTUO SURA RENTA LOCAL UF","Renta Fija",NA
"9084","CFMSURRLOF","FONDO MUTUO SURA RENTA LOCAL UF","Renta Fija",NA
"9084","CFMSURRLOA","FONDO MUTUO SURA RENTA LOCAL UF","Renta Fija",NA
"9084","CFMSURRLOI","FONDO MUTUO SURA RENTA LOCAL UF","Renta Fija",NA
"9084","CFMSURRLOH","FONDO MUTUO SURA RENTA LOCAL UF","Renta Fija",NA
"9084","CFMSURRLOC","FONDO MUTUO SURA RENTA LOCAL UF","Renta Fija",NA
"8685","CFMSURSCCS","FONDO MUTUO SURA SELECCION ACCIONES CHILE","Renta Variable",NA
"8685","CFMSURSCCA","FONDO MUTUO SURA SELECCION ACCIONES CHILE","Renta Variable",NA
"8685","CFMSURSCCC","FONDO MUTUO SURA SELECCION ACCIONES CHILE","Renta Variable",NA
"8685","CFMSURSCCH","FONDO MUTUO SURA SELECCION ACCIONES CHILE","Renta Variable",NA
"8685","CFMSURSCCF","FONDO MUTUO SURA SELECCION ACCIONES CHILE","Renta Variable",NA
"8685","CFMSURSCCI","FONDO MUTUO SURA SELECCION ACCIONES CHILE","Renta Variable",NA
"8916","CFMSURAEMC","FONDO MUTUO SURA SELECCION ACCIONES EMERGENTES","Renta Variable",NA
"8916","CFMSURAEMF","FONDO MUTUO SURA SELECCION ACCIONES EMERGENTES","Renta Variable",NA
"8916","CFMSURAEMA","FONDO MUTUO SURA SELECCION ACCIONES EMERGENTES","Renta Variable",NA
"8916","CFMSURAEMH","FONDO MUTUO SURA SELECCION ACCIONES EMERGENTES","Renta Variable",NA
"8916","CFMSURAEMI","FONDO MUTUO SURA SELECCION ACCIONES EMERGENTES","Renta Variable",NA
"8916","CFMSURAEMS","FONDO MUTUO SURA SELECCION ACCIONES EMERGENTES","Renta Variable",NA
"8684","CFMSURSALS","FONDO MUTUO SURA SELECCION ACCIONES LATAM","Renta Variable",NA
"8684","CFMSURSALF","FONDO MUTUO SURA SELECCION ACCIONES LATAM","Renta Variable",NA
"8684","CFMSURSALC","FONDO MUTUO SURA SELECCION ACCIONES LATAM","Renta Variable",NA
"8684","CFMSURSALH","FONDO MUTUO SURA SELECCION ACCIONES LATAM","Renta Variable",NA
"8684","CFMSURSALA","FONDO MUTUO SURA SELECCION ACCIONES LATAM","Renta Variable",NA
"8684","CFMSURSALI","FONDO MUTUO SURA SELECCION ACCIONES LATAM","Renta Variable",NA
"8915","CFMSURAUSF","FONDO MUTUO SURA SELECCION ACCIONES USA","Renta Variable",NA
"8915","CFMSURAUSA","FONDO MUTUO SURA SELECCION ACCIONES USA","Renta Variable",NA
"8915","CFMSURAUSC","FONDO MUTUO SURA SELECCION ACCIONES USA","Renta Variable",NA
"8915","CFMSURAUSH","FONDO MUTUO SURA SELECCION ACCIONES USA","Renta Variable",NA
"8915","CFMSURAUSI","FONDO MUTUO SURA SELECCION ACCIONES USA","Renta Variable",NA
"8915","CFMSURAUSS","FONDO MUTUO SURA SELECCION ACCIONES USA","Renta Variable",NA
"8707","CFMSURSGLC","FONDO MUTUO SURA SELECCION GLOBAL","Renta Variable",NA
"8707","CFMSURSGLA","FONDO MUTUO SURA SELECCION GLOBAL","Renta Variable",NA
"8707","CFMSURSGLF","FONDO MUTUO SURA SELECCION GLOBAL","Renta Variable",NA
"8707","CFMSURSGLH","FONDO MUTUO SURA SELECCION GLOBAL","Renta Variable",NA
"8707","CFMSURSGLI","FONDO MUTUO SURA SELECCION GLOBAL","Renta Variable",NA
"9414","CFMTOEEQUB","FONDO MUTUO TOESCA CHILE EQUITIES","Renta Variable",NA
"9414","CFMTOEEQUI","FONDO MUTUO TOESCA CHILE EQUITIES","Renta Variable",NA
"8457","CFMEAASCUI","FONDO MUTUO ZURICH ASIA","Renta Variable",NA
"8457","CFMEURASIA","FONDO MUTUO ZURICH ASIA","Renta Variable",NA
"8457","CFMEURASID","FONDO MUTUO ZURICH ASIA","Renta Variable",NA
"8381","CFMZCHACCR","FONDO MUTUO ZURICH CHILE ACCIONES","Renta Variable",NA
"8381","CFMEURC18D","FONDO MUTUO ZURICH CHILE ACCIONES","Renta Variable",NA
"8381","CFMEACHCUI","FONDO MUTUO ZURICH CHILE ACCIONES","Renta Variable",NA
"8381","CFMEURCHCA","FONDO MUTUO ZURICH CHILE ACCIONES","Renta Variable",NA
"8381","CFMEURCHCE","FONDO MUTUO ZURICH CHILE ACCIONES","Renta Variable",NA
"9054","CFMEADPCUI","FONDO MUTUO ZURICH DEUDA CORPORATIVA CHILENA","Renta Fija",NA
"9054","CFMEURDCCA","FONDO MUTUO ZURICH DEUDA CORPORATIVA CHILENA","Renta Fija",NA
"9054","CFMEURELED","FONDO MUTUO ZURICH DEUDA CORPORATIVA CHILENA","Renta Fija",NA
"8918","CFMEURDLCA","FONDO MUTUO ZURICH DIVIDENDO LOCAL","Renta Variable",NA
"8918","CFMEURDALE","FONDO MUTUO ZURICH DIVIDENDO LOCAL","Renta Variable",NA
"8918","CFMEADCCUI","FONDO MUTUO ZURICH DIVIDENDO LOCAL","Renta Variable",NA
"8918","CFMEURDLCD","FONDO MUTUO ZURICH DIVIDENDO LOCAL","Renta Variable",NA
"8629","CFMEUREARA","FONDO MUTUO ZURICH DOLAR","Money Market",NA
"8629","CFMEURDOLD","FONDO MUTUO ZURICH DOLAR","Money Market",NA
"8629","CFMEURDOLE","FONDO MUTUO ZURICH DOLAR","Money Market",NA
"8629","CFMZCDOCUI","FONDO MUTUO ZURICH DOLAR","Money Market",NA
"8458","CFMEAUSCUI","FONDO MUTUO ZURICH ESTADOS UNIDOS","Renta Variable",NA
"8458","CFMEURUSAA","FONDO MUTUO ZURICH ESTADOS UNIDOS","Renta Variable",NA
"8458","CFMEURUSAD","FONDO MUTUO ZURICH ESTADOS UNIDOS","Renta Variable",NA
"8458","CFMZCHUSAE","FONDO MUTUO ZURICH ESTADOS UNIDOS","Renta Variable",NA
"8456","CFMEAEUCUI","FONDO MUTUO ZURICH EUROPA","Renta Variable",NA
"8456","CFMEURERPA","FONDO MUTUO ZURICH EUROPA","Renta Variable",NA
"8456","CFMEURERPD","FONDO MUTUO ZURICH EUROPA","Renta Variable",NA
"8456","CFMZCHEURE","FONDO MUTUO ZURICH EUROPA","Renta Variable",NA
"8455","CFMZEXPE-E","FONDO MUTUO ZURICH EXPERTO","Renta Fija",NA
"8455","CFMZEXPA-E","FONDO MUTUO ZURICH EXPERTO","Renta Fija",NA
"8455","CFMEAEXCUI","FONDO MUTUO ZURICH EXPERTO","Renta Fija",NA
"8455","CFMZEXPD-E","FONDO MUTUO ZURICH EXPERTO","Renta Fija",NA
"8455","CFMEURSASE","FONDO MUTUO ZURICH EXPERTO","Renta Fija",NA
"8946","CFMZESDA-E","FONDO MUTUO ZURICH HIGH YIELD LATAM","Renta Fija",NA
"8946","CFMEAHYCUI","FONDO MUTUO ZURICH HIGH YIELD LATAM","Renta Fija",NA
"8946","CFMZCHYD-E","FONDO MUTUO ZURICH HIGH YIELD LATAM","Renta Fija",NA
"9625","CFMZCELCUI","FONDO MUTUO ZURICH LATAM EQUITIES","Renta Variable",NA
"9625","CFMEURESGA","FONDO MUTUO ZURICH LATAM EQUITIES","Renta Variable",NA
"9625","CFMZCHESGD","FONDO MUTUO ZURICH LATAM EQUITIES","Renta Variable",NA
"8459","CFMEUREETA","FONDO MUTUO ZURICH MONEY MARKET","Money Market",NA
"8459","CFMEAMMCUI","FONDO MUTUO ZURICH MONEY MARKET","Money Market",NA
"8459","CFMEURMMKE","FONDO MUTUO ZURICH MONEY MARKET","Money Market",NA
"8459","CFMEUREETD","FONDO MUTUO ZURICH MONEY MARKET","Money Market",NA
"8459","CFMZCHMMTE","FONDO MUTUO ZURICH MONEY MARKET","Money Market",NA
"8346","CFMZCPMCUI","FONDO MUTUO ZURICH PATRIMONIO","Renta Fija",NA
"8346","CFMZURZIOA","FONDO MUTUO ZURICH PATRIMONIO","Renta Fija",NA
"8346","CFMZCHPATZ","FONDO MUTUO ZURICH PATRIMONIO","Renta Fija",NA
"8346","CFMZURZIOD","FONDO MUTUO ZURICH PATRIMONIO","Renta Fija",NA
"9576","CFMEAAGCUI","FONDO MUTUO ZURICH PERFIL AGRESIVO","Balanceados",NA
"9576","CFMEURAGRA","FONDO MUTUO ZURICH PERFIL AGRESIVO","Balanceados",NA
"9576","CFMEURAGRD","FONDO MUTUO ZURICH PERFIL AGRESIVO","Balanceados",NA
"9575","CFMEACOCUI","FONDO MUTUO ZURICH PERFIL CONSERVADOR","Balanceados",NA
"9575","CFMEURCONA","FONDO MUTUO ZURICH PERFIL CONSERVADOR","Balanceados",NA
"9575","CFMEURCOND","FONDO MUTUO ZURICH PERFIL CONSERVADOR","Balanceados",NA
"9577","CFMEAMOCUI","FONDO MUTUO ZURICH PERFIL MODERADO","Balanceados",NA
"9577","CFMEURMODA","FONDO MUTUO ZURICH PERFIL MODERADO","Balanceados",NA
"9577","CFMEURMODD","FONDO MUTUO ZURICH PERFIL MODERADO","Balanceados",NA
"8411","CFMEARNCUI","FONDO MUTUO ZURICH RENDIMIENTO NOMINAL","Renta Fija",NA
"8411","CFMEURRNOA","FONDO MUTUO ZURICH RENDIMIENTO NOMINAL","Renta Fija",NA
"8411","CFMZCHRNOE","FONDO MUTUO ZURICH RENDIMIENTO NOMINAL","Renta Fija",NA
"8411","CFMEURRNOD","FONDO MUTUO ZURICH RENDIMIENTO NOMINAL","Renta Fija",NA
"8853","CFMEURRUFA","FONDO MUTUO ZURICH RENDIMIENTO UF","Renta Fija",NA
"8853","CFMEAUFCUI","FONDO MUTUO ZURICH RENDIMIENTO UF","Renta Fija",NA
"8853","CFMEURRUFD","FONDO MUTUO ZURICH RENDIMIENTO UF","Renta Fija",NA
"8853","CFMZURREFE","FONDO MUTUO ZURICH RENDIMIENTO UF","Renta Fija",NA
"8363","CFMEURRPLA","FONDO MUTUO ZURICH RENTA A PLAZO","Renta Fija",NA
"8363","CFMEARPCUI","FONDO MUTUO ZURICH RENTA A PLAZO","Renta Fija",NA
"8363","CFMEURRPLD","FONDO MUTUO ZURICH RENTA A PLAZO","Renta Fija",NA
"8363","CFMZCHRPLE","FONDO MUTUO ZURICH RENTA A PLAZO","Renta Fija",NA
"8621","CFMZCSGCUI","FONDO MUTUO ZURICH SELECT GLOBAL","Renta Variable",NA
"8621","CFMZURSALA","FONDO MUTUO ZURICH SELECT GLOBAL","Renta Variable",NA
"8621","CFMZURSALZ","FONDO MUTUO ZURICH SELECT GLOBAL","Renta Variable",NA
"8152","CFMBCHXXBH","FONDO MUTUO banchile DEPÓSITO XXI","Renta Fija",NA
"8152","CFMBCHXXID","FONDO MUTUO banchile DEPÓSITO XXI","Renta Fija",NA
"8152","CFMBCHDXXI","FONDO MUTUO banchile DEPÓSITO XXI","Renta Fija",NA
"8152","CFMBCHDXIB","FONDO MUTUO banchile DEPÓSITO XXI","Renta Fija",NA
"8152","CFMBCHXXIV","FONDO MUTUO banchile DEPÓSITO XXI","Renta Fija",NA
"8806","CFMSECCORS","fondo mutuo SECURITY CORPORATIVO","Renta Fija",NA
"8806","CFMSECCORA","fondo mutuo SECURITY CORPORATIVO","Renta Fija",NA
"8806","CFMSECCORB","fondo mutuo SECURITY CORPORATIVO","Renta Fija",NA
"8806","CFMSECCORJ","fondo mutuo SECURITY CORPORATIVO","Renta Fija",NA
"8806","CFMSECCORH","fondo mutuo SECURITY CORPORATIVO","Renta Fija",NA
